date,hour,zone,device_id,power_kw_mean,power_kw_peak,voltage_v_mean,power_factor_mean,thd_pct_mean
2026-07-05,9,building,meter-main-01,50.089999999999996,51.08,230.61666666666667,0.9433333333333334,2.953333333333333
2026-07-05,9,floor1,meter-floor1-01,49.693333333333335,54.34,228.6,0.9503333333333334,2.9166666666666665
2026-07-05,9,floor2,meter-floor2-01,51.81333333333333,52.49,229.5666666666667,0.9536666666666666,2.9600000000000004
2026-07-05,9,serverroom,meter-server-01,49.32666666666666,55.31,224.32333333333335,0.7293333333333333,14.463333333333333
2026-07-05,10,building,meter-main-01,50.730000000000004,56.55,230.2225,0.94975,2.8825
2026-07-05,10,floor1,meter-floor1-01,50.625,56.47,229.1275,0.958,2.61
2026-07-05,10,floor2,meter-floor2-01,48.0,49.12,230.20499999999998,0.9495,2.635
2026-07-05,10,serverroom,meter-server-01,49.394999999999996,53.51,229.52,0.732,14.79
2026-07-05,11,building,meter-main-01,48.9725,51.18,230.54,0.9522499999999999,2.75
2026-07-05,11,floor1,meter-floor1-01,50.3425,53.57,229.945,0.94575,2.8775
2026-07-05,11,floor2,meter-floor2-01,50.84,53.07,231.1325,0.95175,2.9875
2026-07-05,11,serverroom,meter-server-01,46.6725,51.62,230.02249999999998,0.74175,14.7125
2026-07-05,12,building,meter-main-01,49.8025,54.27,229.435,0.949,2.9225
2026-07-05,12,floor1,meter-floor1-01,53.475,56.28,230.39,0.9470000000000001,2.94
2026-07-05,12,floor2,meter-floor2-01,50.5475,55.61,229.86,0.942,2.6325
2026-07-05,12,serverroom,meter-server-01,47.0125,51.14,227.09,0.72925,14.7125
2026-07-05,13,building,meter-main-01,50.43,52.0,230.14,0.9464999999999999,2.6925
2026-07-05,13,floor1,meter-floor1-01,49.2525,52.22,230.4375,0.9524999999999999,2.8
2026-07-05,13,floor2,meter-floor2-01,50.754999999999995,53.55,229.82,0.93925,2.8025
2026-07-05,13,serverroom,meter-server-01,50.4575,54.14,229.4875,0.74775,15.1325
2026-07-05,14,building,meter-main-01,51.4425,52.08,230.055,0.95,2.8325
2026-07-05,14,floor1,meter-floor1-01,51.3225,54.4,230.385,0.94,3.0225
2026-07-05,14,floor2,meter-floor2-01,51.9825,54.87,228.85,0.9544999999999999,2.66
2026-07-05,14,serverroom,meter-server-01,48.2625,51.24,226.24,0.741,14.745000000000001
2026-07-05,15,building,meter-main-01,46.435,48.94,228.72,0.94775,2.8049999999999997
2026-07-05,15,floor1,meter-floor1-01,48.69,50.7,230.525,0.9542499999999999,2.8425
2026-07-05,15,floor2,meter-floor2-01,47.7375,50.08,228.95,0.94875,2.7275
2026-07-05,15,serverroom,meter-server-01,48.6625,51.22,229.9075,0.7324999999999999,14.525
2026-07-05,16,building,meter-main-01,52.175,53.82,230.0025,0.94575,2.6275
2026-07-05,16,floor1,meter-floor1-01,49.9675,54.69,229.51500000000001,0.946,2.99
2026-07-05,16,floor2,meter-floor2-01,50.9925,55.37,231.07,0.944,2.9074999999999998
2026-07-05,16,serverroom,meter-server-01,50.765,55.0,229.0,0.74,14.6425
2026-07-05,17,building,meter-main-01,47.235,54.01,229.49,0.95,2.845
2026-07-05,17,floor1,meter-floor1-01,48.2425,50.54,230.2025,0.94875,2.7275
2026-07-05,17,floor2,meter-floor2-01,52.4425,54.01,230.4,0.951,2.785
2026-07-05,17,serverroom,meter-server-01,48.67,49.7,226.6225,0.737,14.7575
2026-07-05,18,building,meter-main-01,49.335,50.97,230.2,0.9512499999999999,2.7800000000000002
2026-07-05,18,floor1,meter-floor1-01,50.9825,54.96,230.12,0.9504999999999999,3.04
2026-07-05,18,floor2,meter-floor2-01,51.5525,57.8,229.82,0.9425,2.8525
2026-07-05,18,serverroom,meter-server-01,48.2325,49.93,229.825,0.73125,14.83
2026-07-05,19,building,meter-main-01,51.8825,54.53,229.515,0.94675,2.7525
2026-07-05,19,floor1,meter-floor1-01,50.61,53.42,230.4425,0.95275,2.745
2026-07-05,19,floor2,meter-floor2-01,49.4375,53.99,229.595,0.9472499999999999,2.825
2026-07-05,19,serverroom,meter-server-01,51.0125,53.39,229.845,0.742,14.9175
2026-07-05,20,building,meter-main-01,50.05,51.28,229.57,0.9542499999999999,2.67
2026-07-05,20,floor1,meter-floor1-01,49.91,52.16,229.4625,0.9472499999999999,2.79
2026-07-05,20,floor2,meter-floor2-01,49.730000000000004,54.22,229.64249999999998,0.95375,2.755
2026-07-05,20,serverroom,meter-server-01,48.9775,54.88,227.365,0.732,14.765
2026-07-05,21,building,meter-main-01,49.822500000000005,52.32,228.5875,0.9455,2.79
2026-07-05,21,floor1,meter-floor1-01,49.4825,51.73,229.5925,0.94475,2.7575000000000003
2026-07-05,21,floor2,meter-floor2-01,49.8675,53.52,229.8775,0.944,2.94
2026-07-05,21,serverroom,meter-server-01,48.5625,52.42,230.23250000000002,0.73175,14.692499999999999
2026-07-05,22,building,meter-main-01,50.45,52.86,229.4425,0.93475,2.6425
2026-07-05,22,floor1,meter-floor1-01,49.59,50.96,230.07,0.94575,2.9075
2026-07-05,22,floor2,meter-floor2-01,47.845,49.52,229.19,0.9512499999999999,2.9475
2026-07-05,22,serverroom,meter-server-01,59.005,85.81,226.54500000000002,0.73475,15.4575
2026-07-05,23,building,meter-main-01,50.144999999999996,54.22,229.8625,0.9484999999999999,2.69
2026-07-05,23,floor1,meter-floor1-01,49.41,51.9,230.73000000000002,0.9482499999999999,2.81
2026-07-05,23,floor2,meter-floor2-01,53.175,53.69,230.225,0.95175,2.73
2026-07-05,23,serverroom,meter-server-01,56.3825,88.71,227.0925,0.7375,15.695
2026-07-06,0,building,meter-main-01,50.4475,55.98,229.4425,0.9442499999999999,2.6375
2026-07-06,0,floor1,meter-floor1-01,48.775,49.73,230.1975,0.94975,3.0325
2026-07-06,0,floor2,meter-floor2-01,50.205,53.11,230.135,0.9584999999999999,2.7874999999999996
2026-07-06,0,serverroom,meter-server-01,48.69,52.72,229.2,0.73775,14.815000000000001
2026-07-06,1,building,meter-main-01,50.6875,53.69,229.97,0.9482499999999999,2.66
2026-07-06,1,floor1,meter-floor1-01,48.42,50.03,229.33249999999998,0.9455,2.995
2026-07-06,1,floor2,meter-floor2-01,48.705,53.41,229.535,0.9435,2.8375
2026-07-06,1,serverroom,meter-server-01,49.89,51.31,230.1525,0.74625,15.03
2026-07-06,2,building,meter-main-01,47.945,49.03,230.2,0.94825,2.6525
2026-07-06,2,floor1,meter-floor1-01,48.53,51.29,231.18,0.94,3.2075
2026-07-06,2,floor2,meter-floor2-01,51.17,54.49,229.335,0.9544999999999999,2.9175
2026-07-06,2,serverroom,meter-server-01,68.0675,124.62,230.0075,0.74175,15.4825
2026-07-06,3,building,meter-main-01,51.705,54.11,228.82,0.951,2.75
2026-07-06,3,floor1,meter-floor1-01,50.74,53.07,230.9725,0.9385,2.87
2026-07-06,3,floor2,meter-floor2-01,52.69,54.28,230.345,0.9432499999999999,2.8375
2026-07-06,3,serverroom,meter-server-01,51.0075,54.12,231.0,0.737,14.627500000000001
2026-07-06,4,building,meter-main-01,51.595,53.97,230.1625,0.951,2.77
2026-07-06,4,floor1,meter-floor1-01,47.6375,50.14,230.46,0.9475,2.93
2026-07-06,4,floor2,meter-floor2-01,51.68,56.46,229.88,0.9445,2.755
2026-07-06,4,serverroom,meter-server-01,55.3775,76.98,230.745,0.73375,15.735
2026-07-06,5,building,meter-main-01,50.47,54.91,230.7175,0.9492499999999999,2.72
2026-07-06,5,floor1,meter-floor1-01,50.980000000000004,53.18,230.555,0.95475,2.6525
2026-07-06,5,floor2,meter-floor2-01,48.364999999999995,49.57,230.5525,0.9512499999999999,2.975
2026-07-06,5,serverroom,meter-server-01,52.1675,55.56,230.2525,0.73625,14.8175
2026-07-06,6,building,meter-main-01,52.4025,54.3,230.7,0.9495,2.725
2026-07-06,6,floor1,meter-floor1-01,51.8525,54.07,230.29,0.958,3.05
2026-07-06,6,floor2,meter-floor2-01,49.3625,50.99,230.015,0.9475,2.7675
2026-07-06,6,serverroom,meter-server-01,49.9525,51.62,230.33499999999998,0.732,14.92
2026-07-06,7,building,meter-main-01,50.6325,55.46,230.285,0.95775,2.845
2026-07-06,7,floor1,meter-floor1-01,47.015,55.22,231.425,0.9512499999999999,2.9749999999999996
2026-07-06,7,floor2,meter-floor2-01,49.935,51.73,229.6225,0.948,2.75
2026-07-06,7,serverroom,meter-server-01,57.935,75.97,229.42000000000002,0.74,15.5675
2026-07-06,8,building,meter-main-01,92.4425,101.88,230.515,0.94575,2.6175
2026-07-06,8,floor1,meter-floor1-01,90.705,95.77,229.33499999999998,0.9495,2.8875
2026-07-06,8,floor2,meter-floor2-01,90.46249999999999,98.49,230.365,0.9415,2.7649999999999997
2026-07-06,8,serverroom,meter-server-01,103.125,139.97,229.395,0.737,15.57
2026-07-06,9,building,meter-main-01,107.355,114.54,229.97750000000002,0.952,2.6175
2026-07-06,9,floor1,meter-floor1-01,108.625,113.93,230.1,0.955,3.1075
2026-07-06,9,floor2,meter-floor2-01,103.5975,107.77,229.6275,0.9575,2.97
2026-07-06,9,serverroom,meter-server-01,104.3175,109.05,228.13,0.72625,15.015
2026-07-06,10,building,meter-main-01,120.8425,124.36,229.43,0.95275,2.8375
2026-07-06,10,floor1,meter-floor1-01,120.955,127.47,230.36,0.9452499999999999,2.7875
2026-07-06,10,floor2,meter-floor2-01,122.96,129.48,229.45749999999998,0.94225,2.8775
2026-07-06,10,serverroom,meter-server-01,135.64249999999998,190.28,229.7075,0.73975,15.58
2026-07-06,11,building,meter-main-01,135.98,140.36,231.3925,0.9525,2.8275
2026-07-06,11,floor1,meter-floor1-01,136.885,141.74,230.575,0.95075,2.885
2026-07-06,11,floor2,meter-floor2-01,133.1175,137.14,230.4775,0.9595,2.69
2026-07-06,11,serverroom,meter-server-01,137.92,142.98,230.6,0.73775,14.8475
2026-07-06,12,building,meter-main-01,143.6,147.24,229.245,0.9445,2.835
2026-07-06,12,floor1,meter-floor1-01,146.9925,150.81,230.3375,0.9504999999999999,2.8600000000000003
2026-07-06,12,floor2,meter-floor2-01,150.7975,155.35,229.565,0.95975,2.815
2026-07-06,12,serverroom,meter-server-01,147.985,155.34,229.1925,0.738,14.82
2026-07-06,13,building,meter-main-01,157.025,159.85,230.5075,0.946,2.72
2026-07-06,13,floor1,meter-floor1-01,152.5325,153.73,229.57999999999998,0.9435,3.1125
2026-07-06,13,floor2,meter-floor2-01,154.7075,159.33,230.8475,0.949,2.685
2026-07-06,13,serverroom,meter-server-01,164.5575,196.57,229.8025,0.735,15.727500000000001
2026-07-06,14,building,meter-main-01,159.1825,163.13,230.3275,0.9542499999999999,3.0575
2026-07-06,14,floor1,meter-floor1-01,158.6875,162.23,229.1,0.95775,2.995
2026-07-06,14,floor2,meter-floor2-01,160.275,164.47,230.22,0.9532499999999999,2.8625
2026-07-06,14,serverroom,meter-server-01,160.29500000000002,163.05,229.1175,0.737,14.79
2026-07-06,15,building,meter-main-01,159.9175,160.38,231.0075,0.955,2.69
2026-07-06,15,floor1,meter-floor1-01,159.885,164.09,230.0275,0.94225,3.005
2026-07-06,15,floor2,meter-floor2-01,158.1475,161.57,229.5025,0.95375,2.7775
2026-07-06,15,serverroom,meter-server-01,160.0125,160.6,229.6975,0.73225,14.965
2026-07-06,16,building,meter-main-01,158.54500000000002,158.98,230.64499999999998,0.94225,2.7025
2026-07-06,16,floor1,meter-floor1-01,154.3775,156.18,230.7875,0.95175,3.0275
2026-07-06,16,floor2,meter-floor2-01,157.3425,159.67,230.0325,0.94225,2.7649999999999997
2026-07-06,16,serverroom,meter-server-01,156.065,160.72,227.4125,0.73475,14.879999999999999
2026-07-06,17,building,meter-main-01,147.565,154.21,230.3725,0.9544999999999999,3.06
2026-07-06,17,floor1,meter-floor1-01,148.575,152.05,229.66750000000002,0.947,2.88
2026-07-06,17,floor2,meter-floor2-01,148.18,151.18,229.8775,0.947,2.8
2026-07-06,17,serverroom,meter-server-01,145.5675,148.36,229.91500000000002,0.73025,14.8625
2026-07-06,18,building,meter-main-01,139.20999999999998,145.6,230.695,0.9562499999999999,2.895
2026-07-06,18,floor1,meter-floor1-01,135.765,140.92,230.2275,0.9385,2.9975
2026-07-06,18,floor2,meter-floor2-01,136.71499999999997,142.01,230.20499999999998,0.952,2.7824999999999998
2026-07-06,18,serverroom,meter-server-01,138.8675,144.64,226.7525,0.7335,14.8225
2026-07-06,19,building,meter-main-01,50.9625,51.47,229.9975,0.94625,2.83
2026-07-06,19,floor1,meter-floor1-01,48.4425,49.2,229.7,0.94875,3.1675
2026-07-06,19,floor2,meter-floor2-01,48.254999999999995,52.79,230.2425,0.958,2.755
2026-07-06,19,serverroom,meter-server-01,49.1375,51.99,227.375,0.737,14.865
2026-07-06,20,building,meter-main-01,54.4625,58.88,230.0925,0.9504999999999999,2.965
2026-07-06,20,floor1,meter-floor1-01,52.65,56.7,230.26999999999998,0.9445,3.04
2026-07-06,20,floor2,meter-floor2-01,52.54,53.67,229.0525,0.9515,2.825
2026-07-06,20,serverroom,meter-server-01,62.417500000000004,90.65,229.7975,0.734,15.7
2026-07-06,21,building,meter-main-01,49.9325,55.69,230.2625,0.9455,2.755
2026-07-06,21,floor1,meter-floor1-01,51.120000000000005,54.38,228.875,0.9390000000000001,2.9274999999999998
2026-07-06,21,floor2,meter-floor2-01,52.295,53.68,229.64000000000001,0.94525,2.6174999999999997
2026-07-06,21,serverroom,meter-server-01,60.29,83.3,230.0975,0.72875,15.73
2026-07-06,22,building,meter-main-01,48.6225,50.28,229.7275,0.9472499999999999,2.6025
2026-07-06,22,floor1,meter-floor1-01,47.3625,52.76,229.75,0.93425,3.0175
2026-07-06,22,floor2,meter-floor2-01,51.682500000000005,54.89,229.85750000000002,0.9482499999999999,2.8325
2026-07-06,22,serverroom,meter-server-01,48.585,51.15,230.115,0.74225,14.9225
2026-07-06,23,building,meter-main-01,50.455,54.8,231.07999999999998,0.94675,2.91
2026-07-06,23,floor1,meter-floor1-01,50.205,52.5,230.06,0.94375,3.06
2026-07-06,23,floor2,meter-floor2-01,48.2175,54.19,229.98,0.949,2.7199999999999998
2026-07-06,23,serverroom,meter-server-01,72.32,111.92,224.185,0.733,16.4375
2026-07-07,0,building,meter-main-01,49.5975,52.32,229.95,0.95275,2.9675000000000002
2026-07-07,0,floor1,meter-floor1-01,49.43,51.12,229.745,0.9405,3.025
2026-07-07,0,floor2,meter-floor2-01,50.4875,53.24,230.4775,0.9415,2.8475
2026-07-07,0,serverroom,meter-server-01,61.5175,88.54,230.175,0.73425,15.5725
2026-07-07,1,building,meter-main-01,50.832499999999996,55.01,229.885,0.9535,2.725
2026-07-07,1,floor1,meter-floor1-01,49.2825,54.87,230.7825,0.9359999999999999,3.1
2026-07-07,1,floor2,meter-floor2-01,52.6575,58.32,228.8825,0.95075,2.7975
2026-07-07,1,serverroom,meter-server-01,49.4225,56.4,229.1975,0.73,14.975
2026-07-07,2,building,meter-main-01,47.2575,49.81,229.49,0.9522499999999999,2.715
2026-07-07,2,floor1,meter-floor1-01,51.9375,55.85,229.5,0.93525,3.3525
2026-07-07,2,floor2,meter-floor2-01,49.5725,55.47,230.23000000000002,0.95025,2.8049999999999997
2026-07-07,2,serverroom,meter-server-01,48.8225,50.56,230.8625,0.72925,14.82
2026-07-07,3,building,meter-main-01,52.195,58.72,229.54,0.94975,2.7625
2026-07-07,3,floor1,meter-floor1-01,51.515,56.82,230.4075,0.9455,3.155
2026-07-07,3,floor2,meter-floor2-01,48.585,52.68,231.0375,0.94475,2.905
2026-07-07,3,serverroom,meter-server-01,49.8425,53.08,230.6825,0.73575,14.932500000000001
2026-07-07,4,building,meter-main-01,49.3975,52.62,229.1825,0.958,2.925
2026-07-07,4,floor1,meter-floor1-01,50.89,56.16,230.735,0.9365,3.135
2026-07-07,4,floor2,meter-floor2-01,49.715,53.84,230.2975,0.95075,2.7525
2026-07-07,4,serverroom,meter-server-01,68.5225,118.8,229.20999999999998,0.73,15.54
2026-07-07,5,building,meter-main-01,50.31,55.41,230.0625,0.951,2.9875
2026-07-07,5,floor1,meter-floor1-01,51.0375,55.16,230.315,0.938,2.975
2026-07-07,5,floor2,meter-floor2-01,47.3725,49.5,230.5325,0.9555,2.7275
2026-07-07,5,serverroom,meter-server-01,51.2625,54.96,227.3675,0.7364999999999999,14.85
2026-07-07,6,building,meter-main-01,52.1225,58.22,230.51749999999998,0.95275,2.6225
2026-07-07,6,floor1,meter-floor1-01,51.64,54.93,229.31,0.9355,3.4074999999999998
2026-07-07,6,floor2,meter-floor2-01,48.715,51.18,229.4525,0.9515,2.8225
2026-07-07,6,serverroom,meter-server-01,52.4,53.52,229.775,0.73125,14.995000000000001
2026-07-07,7,building,meter-main-01,49.9825,52.32,230.5625,0.9444999999999999,2.95
2026-07-07,7,floor1,meter-floor1-01,48.495,50.43,230.5025,0.9435,3.1975
2026-07-07,7,floor2,meter-floor2-01,50.21,52.5,230.5675,0.943,2.785
2026-07-07,7,serverroom,meter-server-01,48.7175,55.52,230.8275,0.7295,15.254999999999999
2026-07-07,8,building,meter-main-01,93.7125,97.68,230.1575,0.951,2.8049999999999997
2026-07-07,8,floor1,meter-floor1-01,89.1225,93.56,229.835,0.94075,3.3600000000000003
2026-07-07,8,floor2,meter-floor2-01,92.0375,97.72,229.4425,0.95,2.92
2026-07-07,8,serverroom,meter-server-01,90.50999999999999,95.96,229.77,0.72475,15.0625
2026-07-07,9,building,meter-main-01,105.7175,109.58,231.0025,0.9495,2.9074999999999998
2026-07-07,9,floor1,meter-floor1-01,107.44,111.71,230.03,0.9504999999999999,3.415
2026-07-07,9,floor2,meter-floor2-01,105.9875,117.13,229.53,0.951,2.7625
2026-07-07,9,serverroom,meter-server-01,108.6675,118.11,225.2775,0.732,15.0875
2026-07-07,10,building,meter-main-01,124.405,129.7,229.5775,0.95075,2.8475
2026-07-07,10,floor1,meter-floor1-01,123.13499999999999,129.01,229.1825,0.9395,3.3825
2026-07-07,10,floor2,meter-floor2-01,120.2975,127.46,229.29,0.948,3.035
2026-07-07,10,serverroom,meter-server-01,120.91499999999999,128.0,231.0325,0.7284999999999999,15.0975
2026-07-07,11,building,meter-main-01,137.2175,143.57,229.26,0.9425,2.7475
2026-07-07,11,floor1,meter-floor1-01,134.675,139.98,230.165,0.9455,3.1525
2026-07-07,11,floor2,meter-floor2-01,134.185,141.77,229.815,0.9472499999999999,2.9725
2026-07-07,11,serverroom,meter-server-01,133.8,138.97,230.4725,0.726,14.942499999999999
2026-07-07,12,building,meter-main-01,145.64499999999998,148.42,229.98000000000002,0.95175,2.7525
2026-07-07,12,floor1,meter-floor1-01,149.22750000000002,154.05,229.4875,0.9442499999999999,3.18
2026-07-07,12,floor2,meter-floor2-01,146.58,149.11,229.8175,0.9485,2.88
2026-07-07,12,serverroom,meter-server-01,148.85250000000002,151.65,229.935,0.7344999999999999,14.76
2026-07-07,13,building,meter-main-01,153.4775,157.26,230.8475,0.9602499999999999,2.86
2026-07-07,13,floor1,meter-floor1-01,154.715,158.38,230.675,0.9452499999999999,3.52
2026-07-07,13,floor2,meter-floor2-01,152.2425,155.64,230.785,0.9484999999999999,2.79
2026-07-07,13,serverroom,meter-server-01,189.35,229.12,227.7025,0.72575,16.435
2026-07-07,14,building,meter-main-01,159.28,161.27,230.3375,0.9502499999999999,2.655
2026-07-07,14,floor1,meter-floor1-01,159.4775,162.34,229.4425,0.94375,3.37
2026-07-07,14,floor2,meter-floor2-01,157.39749999999998,159.05,230.4425,0.9524999999999999,2.6875
2026-07-07,14,serverroom,meter-server-01,189.4425,220.98,231.0675,0.73975,16.4975
2026-07-07,15,building,meter-main-01,160.1525,161.75,229.98250000000002,0.9375,2.65
2026-07-07,15,floor1,meter-floor1-01,161.1975,164.84,229.6225,0.9405,3.5225
2026-07-07,15,floor2,meter-floor2-01,160.245,161.89,229.9125,0.95275,2.785
2026-07-07,15,serverroom,meter-server-01,159.4475,160.98,230.29250000000002,0.72725,15.075
2026-07-07,16,building,meter-main-01,158.1925,162.61,230.72750000000002,0.9555,2.7425
2026-07-07,16,floor1,meter-floor1-01,154.3775,156.11,230.4375,0.93725,3.54
2026-07-07,16,floor2,meter-floor2-01,155.73250000000002,160.49,230.0275,0.9405,3.0324999999999998
2026-07-07,16,serverroom,meter-server-01,182.95250000000001,228.3,227.72,0.73475,16.677500000000002
2026-07-07,17,building,meter-main-01,147.61,152.07,229.8325,0.9475,2.9025
2026-07-07,17,floor1,meter-floor1-01,148.2575,154.36,229.5475,0.9432499999999999,3.4425
2026-07-07,17,floor2,meter-floor2-01,146.3625,156.58,230.2375,0.95,2.76
2026-07-07,17,serverroom,meter-server-01,185.4525,225.04,230.23,0.73275,16.4725
2026-07-07,18,building,meter-main-01,139.9025,145.3,229.22,0.954,2.6399999999999997
2026-07-07,18,floor1,meter-floor1-01,137.575,143.47,229.4875,0.9385,3.3575
2026-07-07,18,floor2,meter-floor2-01,138.54,140.41,229.42,0.9522499999999999,2.835
2026-07-07,18,serverroom,meter-server-01,136.4175,142.96,221.5625,0.734,15.27
2026-07-07,19,building,meter-main-01,48.55,50.04,229.8375,0.9525,2.77
2026-07-07,19,floor1,meter-floor1-01,50.9675,53.82,229.6925,0.94675,3.4625
2026-07-07,19,floor2,meter-floor2-01,52.165,53.69,230.25,0.949,2.8325
2026-07-07,19,serverroom,meter-server-01,48.917500000000004,51.02,229.61,0.73625,14.98
2026-07-07,20,building,meter-main-01,49.96,53.4,229.6725,0.954,2.88
2026-07-07,20,floor1,meter-floor1-01,49.8125,53.17,229.595,0.9325,3.45
2026-07-07,20,floor2,meter-floor2-01,47.93,54.41,229.45499999999998,0.9524999999999999,2.8175
2026-07-07,20,serverroom,meter-server-01,63.8425,106.47,230.48000000000002,0.7395,15.8125
2026-07-07,21,building,meter-main-01,50.715,53.27,230.4925,0.9475,2.8075
2026-07-07,21,floor1,meter-floor1-01,49.144999999999996,51.19,229.9525,0.9415,3.5075
2026-07-07,21,floor2,meter-floor2-01,47.71,49.78,229.3475,0.9484999999999999,2.9775
2026-07-07,21,serverroom,meter-server-01,63.7575,107.17,230.3925,0.7335,15.879999999999999
2026-07-07,22,building,meter-main-01,49.585,52.96,228.7775,0.95025,2.8899999999999997
2026-07-07,22,floor1,meter-floor1-01,52.24,57.46,229.7475,0.93825,3.3899999999999997
2026-07-07,22,floor2,meter-floor2-01,51.15,54.07,229.89,0.9564999999999999,2.65
2026-07-07,22,serverroom,meter-server-01,49.55,53.88,229.7075,0.731,15.0425
2026-07-07,23,building,meter-main-01,49.49,51.57,230.73000000000002,0.9515,2.88
2026-07-07,23,floor1,meter-floor1-01,50.0925,51.12,230.22,0.93675,3.5125
2026-07-07,23,floor2,meter-floor2-01,47.725,50.06,228.98000000000002,0.9502499999999999,2.6925
2026-07-07,23,serverroom,meter-server-01,66.82,119.66,225.33249999999998,0.72975,15.9
2026-07-08,0,building,meter-main-01,48.1275,49.19,229.755,0.95,2.7775
2026-07-08,0,floor1,meter-floor1-01,50.34,50.89,229.6175,0.93725,3.4924999999999997
2026-07-08,0,floor2,meter-floor2-01,50.177499999999995,53.8,230.0475,0.951,2.6774999999999998
2026-07-08,0,serverroom,meter-server-01,49.3475,51.13,231.055,0.73275,15.005
2026-07-08,1,building,meter-main-01,50.4325,54.26,230.5775,0.9415,2.8850000000000002
2026-07-08,1,floor1,meter-floor1-01,48.97,53.57,230.32999999999998,0.942,3.425
2026-07-08,1,floor2,meter-floor2-01,51.8275,52.79,229.63,0.93775,2.9825
2026-07-08,1,serverroom,meter-server-01,60.14,93.35,229.085,0.73175,15.9775
2026-07-08,2,building,meter-main-01,52.317499999999995,53.79,229.3075,0.949,2.6725
2026-07-08,2,floor1,meter-floor1-01,48.985,55.09,230.4425,0.9415,3.5549999999999997
2026-07-08,2,floor2,meter-floor2-01,46.12,49.83,230.64249999999998,0.9532499999999999,2.775
2026-07-08,2,serverroom,meter-server-01,67.0125,122.87,227.285,0.72275,15.775
2026-07-08,3,building,meter-main-01,51.28,55.67,229.6925,0.9475,2.7800000000000002
2026-07-08,3,floor1,meter-floor1-01,49.905,52.04,230.8775,0.9375,3.65
2026-07-08,3,floor2,meter-floor2-01,49.957499999999996,54.69,231.105,0.94425,2.62
2026-07-08,3,serverroom,meter-server-01,66.72999999999999,118.6,226.6,0.723,15.8925
2026-07-08,4,building,meter-main-01,49.055,54.67,229.695,0.9524999999999999,2.7275
2026-07-08,4,floor1,meter-floor1-01,49.525,55.01,229.8375,0.93225,3.6875
2026-07-08,4,floor2,meter-floor2-01,47.6475,50.13,229.9525,0.948,2.7375
2026-07-08,4,serverroom,meter-server-01,51.0875,55.21,229.0575,0.72625,15.245000000000001
2026-07-08,5,building,meter-main-01,50.33,52.37,228.9175,0.943,2.73
2026-07-08,5,floor1,meter-floor1-01,48.1075,49.4,230.7275,0.93625,3.6525
2026-07-08,5,floor2,meter-floor2-01,50.7225,53.36,230.9425,0.95175,2.8975
2026-07-08,5,serverroom,meter-server-01,63.67,102.64,229.985,0.73425,15.8925
2026-07-08,6,building,meter-main-01,49.325,53.91,230.32,0.9544999999999999,2.795
2026-07-08,6,floor1,meter-floor1-01,50.4675,55.13,231.72,0.928,3.575
2026-07-08,6,floor2,meter-floor2-01,50.1725,51.85,229.51,0.9552499999999999,2.905
2026-07-08,6,serverroom,meter-server-01,52.1775,55.54,230.2575,0.73,15.37
2026-07-08,7,building,meter-main-01,49.6325,52.62,230.94,0.944,2.765
2026-07-08,7,floor1,meter-floor1-01,49.4925,53.81,229.85750000000002,0.9265,3.7675
2026-07-08,7,floor2,meter-floor2-01,51.0175,54.42,229.70999999999998,0.9512499999999999,2.63
2026-07-08,7,serverroom,meter-server-01,52.155,55.49,225.3875,0.72475,15.227500000000001
2026-07-08,8,building,meter-main-01,88.4725,95.29,229.8725,0.9535,2.985
2026-07-08,8,floor1,meter-floor1-01,90.895,95.62,229.3775,0.92825,3.575
2026-07-08,8,floor2,meter-floor2-01,88.935,90.92,230.72,0.9535,2.8600000000000003
2026-07-08,8,serverroom,meter-server-01,115.9925,152.14,228.9025,0.73675,16.6175
2026-07-08,9,building,meter-main-01,105.545,109.51,230.6925,0.94675,2.9125
2026-07-08,9,floor1,meter-floor1-01,104.6675,108.67,230.5,0.93175,3.9375
2026-07-08,9,floor2,meter-floor2-01,106.26,112.45,229.9725,0.9435,2.7275
2026-07-08,9,serverroom,meter-server-01,115.64,146.27,226.3475,0.736,15.86
2026-07-08,10,building,meter-main-01,120.35249999999999,124.58,229.9425,0.9522499999999999,2.935
2026-07-08,10,floor1,meter-floor1-01,120.1975,121.67,228.465,0.9317500000000001,3.84
2026-07-08,10,floor2,meter-floor2-01,119.32,125.55,230.07,0.94475,3.0675
2026-07-08,10,serverroom,meter-server-01,121.08,125.38,223.66,0.729,15.135
2026-07-08,11,building,meter-main-01,136.95,144.19,228.6625,0.9502499999999999,2.575
2026-07-08,11,floor1,meter-floor1-01,134.4075,140.82,229.935,0.9217500000000001,3.835
2026-07-08,11,floor2,meter-floor2-01,134.08749999999998,141.14,229.1625,0.955,3.0700000000000003
2026-07-08,11,serverroom,meter-server-01,151.8775,197.2,228.0725,0.73,15.865
2026-07-08,12,building,meter-main-01,147.965,151.25,229.495,0.9532499999999999,2.9325
2026-07-08,12,floor1,meter-floor1-01,148.98,152.91,229.91750000000002,0.92475,3.8275
2026-07-08,12,floor2,meter-floor2-01,146.385,151.81,230.4575,0.9464999999999999,2.775
2026-07-08,12,serverroom,meter-server-01,147.3225,152.99,231.635,0.72975,15.0625
2026-07-08,13,building,meter-main-01,155.3175,157.02,230.4425,0.9584999999999999,2.8525
2026-07-08,13,floor1,meter-floor1-01,152.0,153.53,229.8075,0.9335,3.8449999999999998
2026-07-08,13,floor2,meter-floor2-01,154.54500000000002,157.63,230.595,0.9532499999999999,2.7675
2026-07-08,13,serverroom,meter-server-01,169.975,217.16,230.5325,0.73,15.755
2026-07-08,14,building,meter-main-01,159.18,163.44,229.89249999999998,0.9452499999999999,2.705
2026-07-08,14,floor1,meter-floor1-01,156.3375,158.21,229.9775,0.9317500000000001,3.96
2026-07-08,14,floor2,meter-floor2-01,158.79500000000002,160.53,230.28,0.95775,2.8375
2026-07-08,14,serverroom,meter-server-01,157.245,161.54,230.75,0.7284999999999999,15.0725
2026-07-08,15,building,meter-main-01,158.745,161.65,228.95250000000001,0.942,2.8725
2026-07-08,15,floor1,meter-floor1-01,159.3375,163.14,230.0,0.9305,3.9475
2026-07-08,15,floor2,meter-floor2-01,159.94,161.71,228.6275,0.94875,2.86
2026-07-08,15,serverroom,meter-server-01,178.9675,217.81,229.5525,0.73125,16.4775
2026-07-08,16,building,meter-main-01,156.3225,159.14,229.885,0.94875,2.8
2026-07-08,16,floor1,meter-floor1-01,156.8225,158.56,229.225,0.931,3.8525
2026-07-08,16,floor2,meter-floor2-01,155.45,157.83,229.6925,0.9484999999999999,2.965
2026-07-08,16,serverroom,meter-server-01,158.7075,161.86,229.28,0.72475,15.185
2026-07-08,17,building,meter-main-01,148.2175,153.88,229.82750000000001,0.9522499999999999,2.675
2026-07-08,17,floor1,meter-floor1-01,149.7125,151.92,230.68,0.9247500000000001,4.27
2026-07-08,17,floor2,meter-floor2-01,150.4,151.71,229.60750000000002,0.95375,2.725
2026-07-08,17,serverroom,meter-server-01,148.3875,151.46,230.5625,0.727,15.32
2026-07-08,18,building,meter-main-01,138.0975,143.02,229.2675,0.948,2.6975
2026-07-08,18,floor1,meter-floor1-01,136.7875,138.73,230.5075,0.92925,4.077500000000001
2026-07-08,18,floor2,meter-floor2-01,136.54500000000002,142.79,229.5525,0.955,2.9725
2026-07-08,18,serverroom,meter-server-01,138.5,142.57,226.3275,0.73775,15.3525
2026-07-08,19,building,meter-main-01,50.8025,53.24,229.4975,0.948,2.665
2026-07-08,19,floor1,meter-floor1-01,49.9975,52.28,229.9,0.9295,4.0925
2026-07-08,19,floor2,meter-floor2-01,48.0575,51.86,230.645,0.9484999999999999,2.82
2026-07-08,19,serverroom,meter-server-01,58.834999999999994,77.46,230.515,0.732,15.97
2026-07-08,20,building,meter-main-01,50.239999999999995,51.33,228.95,0.9505,3.05
2026-07-08,20,floor1,meter-floor1-01,52.655,54.87,229.6425,0.924,4.2524999999999995
2026-07-08,20,floor2,meter-floor2-01,49.18,51.47,230.425,0.9492499999999999,2.795
2026-07-08,20,serverroom,meter-server-01,50.485,51.88,230.17499999999998,0.7364999999999999,15.0975
2026-07-08,21,building,meter-main-01,51.8725,53.39,230.17000000000002,0.947,2.7624999999999997
2026-07-08,21,floor1,meter-floor1-01,47.167500000000004,49.62,229.16250000000002,0.9287500000000001,4.13
2026-07-08,21,floor2,meter-floor2-01,50.792500000000004,54.54,230.5825,0.958,2.8975
2026-07-08,21,serverroom,meter-server-01,48.7775,51.44,229.8525,0.7184999999999999,15.325
2026-07-08,22,building,meter-main-01,51.29,54.58,229.655,0.9575,2.9050000000000002
2026-07-08,22,floor1,meter-floor1-01,51.14,53.63,230.1025,0.9225000000000001,4.095
2026-07-08,22,floor2,meter-floor2-01,48.8325,52.38,229.595,0.94775,2.91
2026-07-08,22,serverroom,meter-server-01,46.445,48.34,224.4975,0.73725,15.2475
2026-07-08,23,building,meter-main-01,46.644999999999996,49.07,230.2225,0.9584999999999999,2.9450000000000003
2026-07-08,23,floor1,meter-floor1-01,48.394999999999996,50.54,229.9675,0.9247500000000001,4.225
2026-07-08,23,floor2,meter-floor2-01,51.54,52.83,230.63,0.94,2.7725
2026-07-08,23,serverroom,meter-server-01,50.595,53.19,229.82999999999998,0.742,15.3975
2026-07-09,0,building,meter-main-01,49.3025,50.71,230.4875,0.95075,2.6350000000000002
2026-07-09,0,floor1,meter-floor1-01,51.935,55.29,229.8425,0.92525,4.2925
2026-07-09,0,floor2,meter-floor2-01,50.205,52.95,230.215,0.9502499999999999,2.775
2026-07-09,0,serverroom,meter-server-01,67.3825,120.19,230.4675,0.72925,15.8475
2026-07-09,1,building,meter-main-01,50.1325,51.94,230.23000000000002,0.9495,2.8425000000000002
2026-07-09,1,floor1,meter-floor1-01,51.315,55.26,230.195,0.9217500000000001,4.2675
2026-07-09,1,floor2,meter-floor2-01,50.7425,55.05,229.23000000000002,0.947,3.13
2026-07-09,1,serverroom,meter-server-01,49.115,51.52,226.9075,0.727,15.4125
2026-07-09,2,building,meter-main-01,50.8425,53.62,231.125,0.9405,2.7
2026-07-09,2,floor1,meter-floor1-01,52.5575,55.64,230.8475,0.9217500000000001,4.3875
2026-07-09,2,floor2,meter-floor2-01,48.7275,51.15,230.42000000000002,0.9552499999999999,2.73
2026-07-09,2,serverroom,meter-server-01,51.985,56.39,228.735,0.72025,15.3375
2026-07-09,3,building,meter-main-01,48.7675,50.01,230.51749999999998,0.9512499999999999,2.9
2026-07-09,3,floor1,meter-floor1-01,51.6175,54.45,229.95,0.9157500000000001,4.22
2026-07-09,3,floor2,meter-floor2-01,50.9025,54.17,230.1775,0.955,2.66
2026-07-09,3,serverroom,meter-server-01,50.0125,52.02,229.5075,0.73875,15.2775
2026-07-09,4,building,meter-main-01,49.2025,50.02,229.89249999999998,0.95275,3.0
2026-07-09,4,floor1,meter-floor1-01,47.8975,50.14,230.04250000000002,0.9245,4.525
2026-07-09,4,floor2,meter-floor2-01,49.9475,53.86,229.45499999999998,0.94025,2.6025
2026-07-09,4,serverroom,meter-server-01,49.417500000000004,50.41,228.6475,0.73075,15.125
2026-07-09,5,building,meter-main-01,50.1125,52.99,230.155,0.9475,2.88
2026-07-09,5,floor1,meter-floor1-01,47.8275,51.22,229.815,0.9225000000000001,4.35
2026-07-09,5,floor2,meter-floor2-01,50.1275,52.48,230.0775,0.9595,2.65
2026-07-09,5,serverroom,meter-server-01,50.86,54.95,223.3425,0.724,15.2575
2026-07-09,6,building,meter-main-01,48.572500000000005,51.45,229.9175,0.9504999999999999,2.6725
2026-07-09,6,floor1,meter-floor1-01,52.34,54.92,230.6975,0.91225,4.465
2026-07-09,6,floor2,meter-floor2-01,49.519999999999996,52.64,230.95,0.9552499999999999,2.7199999999999998
2026-07-09,6,serverroom,meter-server-01,46.22,47.66,230.0475,0.7315,15.217500000000001
2026-07-09,7,building,meter-main-01,48.2825,50.63,230.115,0.9524999999999999,2.8475
2026-07-09,7,floor1,meter-floor1-01,50.94,52.1,230.1675,0.9247500000000001,4.6425
2026-07-09,7,floor2,meter-floor2-01,51.4725,54.69,230.5275,0.94425,2.8975
2026-07-09,7,serverroom,meter-server-01,49.3425,52.64,229.78,0.72225,15.415
2026-07-09,8,building,meter-main-01,89.2225,97.48,229.04250000000002,0.944,2.655
2026-07-09,8,floor1,meter-floor1-01,89.1825,93.29,229.565,0.918,4.72
2026-07-09,8,floor2,meter-floor2-01,91.2525,94.74,229.4375,0.95,2.8575
2026-07-09,8,serverroom,meter-server-01,89.7125,95.45,230.1225,0.72125,15.325
2026-07-09,9,building,meter-main-01,107.3075,114.18,229.79250000000002,0.958,2.7525
2026-07-09,9,floor1,meter-floor1-01,108.13499999999999,113.39,230.1875,0.9135,4.6850000000000005
2026-07-09,9,floor2,meter-floor2-01,105.13,109.83,229.245,0.95875,2.9725
2026-07-09,9,serverroom,meter-server-01,108.89,115.5,228.925,0.725,15.39
2026-07-09,10,building,meter-main-01,123.15,131.41,230.485,0.948,2.8275
2026-07-09,10,floor1,meter-floor1-01,120.5775,127.54,230.305,0.9185000000000001,4.8100000000000005
2026-07-09,10,floor2,meter-floor2-01,121.5025,127.84,229.8525,0.952,2.7175000000000002
2026-07-09,10,serverroom,meter-server-01,133.4675,159.65,225.23,0.72325,15.982499999999998
2026-07-09,11,building,meter-main-01,137.735,144.16,230.585,0.94775,2.7975
2026-07-09,11,floor1,meter-floor1-01,135.415,137.64,229.3375,0.9225000000000001,4.6850000000000005
2026-07-09,11,floor2,meter-floor2-01,136.445,139.12,229.57,0.95075,2.7725
2026-07-09,11,serverroom,meter-server-01,159.655,205.94,229.545,0.73075,16.814999999999998
2026-07-09,12,building,meter-main-01,145.965,150.25,230.3575,0.9452499999999999,2.7325
2026-07-09,12,floor1,meter-floor1-01,146.91500000000002,152.18,229.375,0.921,4.51
2026-07-09,12,floor2,meter-floor2-01,144.64,148.14,230.07,0.95575,2.735
2026-07-09,12,serverroom,meter-server-01,150.37,173.18,230.39,0.72825,16.205
2026-07-09,13,building,meter-main-01,157.9775,160.48,230.365,0.9564999999999999,2.645
2026-07-09,13,floor1,meter-floor1-01,152.9475,156.92,229.6025,0.929,4.965
2026-07-09,13,floor2,meter-floor2-01,155.435,159.65,230.3775,0.9524999999999999,2.705
2026-07-09,13,serverroom,meter-server-01,155.5125,156.88,229.39,0.725,15.1975
2026-07-09,14,building,meter-main-01,157.585,161.72,229.70250000000001,0.9492499999999999,2.7425
2026-07-09,14,floor1,meter-floor1-01,157.81,160.46,230.45,0.9065000000000001,4.7725
2026-07-09,14,floor2,meter-floor2-01,160.175,163.78,229.4675,0.9464999999999999,2.6525
2026-07-09,14,serverroom,meter-server-01,158.5525,161.93,231.01500000000001,0.7335,15.1025
2026-07-09,15,building,meter-main-01,159.1825,162.66,230.04,0.9532499999999999,2.8625
2026-07-09,15,floor1,meter-floor1-01,160.455,163.21,229.595,0.909,4.9975000000000005
2026-07-09,15,floor2,meter-floor2-01,159.84,163.32,231.0375,0.9562499999999999,2.8225
2026-07-09,15,serverroom,meter-server-01,188.42,220.44,228.89499999999998,0.7284999999999999,16.6625
2026-07-09,16,building,meter-main-01,155.9375,161.01,229.8975,0.9512499999999999,3.0625
2026-07-09,16,floor1,meter-floor1-01,156.1675,158.64,230.1875,0.9177500000000001,4.83
2026-07-09,16,floor2,meter-floor2-01,153.7375,158.49,229.7,0.95075,2.71
2026-07-09,16,serverroom,meter-server-01,166.82,199.13,230.315,0.72525,16.015
2026-07-09,17,building,meter-main-01,149.1075,151.01,229.3775,0.958,2.855
2026-07-09,17,floor1,meter-floor1-01,148.835,156.8,229.4525,0.9145000000000001,4.904999999999999
2026-07-09,17,floor2,meter-floor2-01,148.1375,155.63,229.84,0.9502499999999999,2.73
2026-07-09,17,serverroom,meter-server-01,147.385,157.32,229.87,0.731,15.195
2026-07-09,18,building,meter-main-01,136.38,141.49,230.77,0.9582499999999999,2.69
2026-07-09,18,floor1,meter-floor1-01,144.3825,161.7,229.825,0.905,5.675
2026-07-09,18,floor2,meter-floor2-01,138.49,145.36,230.745,0.9445,2.67
2026-07-09,18,serverroom,meter-server-01,148.28,185.2,230.39249999999998,0.72225,16.045
2026-07-09,19,building,meter-main-01,51.475,56.56,230.45,0.94675,2.76
2026-07-09,19,floor1,meter-floor1-01,51.195,54.84,229.825,0.90825,5.245
2026-07-09,19,floor2,meter-floor2-01,47.365,52.45,230.64749999999998,0.9512499999999999,2.9875
2026-07-09,19,serverroom,meter-server-01,49.239999999999995,51.26,229.9875,0.7284999999999999,15.26
2026-07-09,20,building,meter-main-01,48.465,52.77,230.155,0.96075,2.715
2026-07-09,20,floor1,meter-floor1-01,53.3675,63.17,230.0475,0.9115,5.715
2026-07-09,20,floor2,meter-floor2-01,46.43,52.02,229.55,0.9512499999999999,2.6475
2026-07-09,20,serverroom,meter-server-01,66.535,119.72,230.3725,0.7284999999999999,15.9625
2026-07-09,21,building,meter-main-01,49.45,51.09,229.9275,0.94975,2.6574999999999998
2026-07-09,21,floor1,meter-floor1-01,48.5775,55.82,228.5475,0.9107500000000001,5.245
2026-07-09,21,floor2,meter-floor2-01,51.095,52.75,230.4575,0.9495,2.585
2026-07-09,21,serverroom,meter-server-01,51.3375,54.79,229.28,0.7132499999999999,15.307500000000001
2026-07-09,22,building,meter-main-01,50.7025,51.59,230.425,0.952,2.6475
2026-07-09,22,floor1,meter-floor1-01,48.417500000000004,49.1,230.0,0.91225,5.0225
2026-07-09,22,floor2,meter-floor2-01,51.765,55.21,230.1475,0.94575,2.8275
2026-07-09,22,serverroom,meter-server-01,49.5325,53.92,229.07750000000001,0.71175,15.3
2026-07-09,23,building,meter-main-01,51.62,57.11,230.2775,0.958,2.675
2026-07-09,23,floor1,meter-floor1-01,50.495,52.28,229.60000000000002,0.909,5.470000000000001
2026-07-09,23,floor2,meter-floor2-01,47.91,51.58,230.5525,0.9562499999999999,3.0825
2026-07-09,23,serverroom,meter-server-01,50.61,52.17,224.17000000000002,0.71675,15.5625
2026-07-10,0,building,meter-main-01,49.817499999999995,54.45,230.235,0.9484999999999999,2.7025
2026-07-10,0,floor1,meter-floor1-01,49.2,51.47,229.7025,0.90225,5.2475
2026-07-10,0,floor2,meter-floor2-01,49.4075,55.8,230.3325,0.951,2.795
2026-07-10,0,serverroom,meter-server-01,64.7175,106.73,229.85000000000002,0.735,16.195
2026-07-10,1,building,meter-main-01,48.33,49.21,230.02,0.9464999999999999,2.9925
2026-07-10,1,floor1,meter-floor1-01,48.155,50.72,229.98,0.906,5.4025
2026-07-10,1,floor2,meter-floor2-01,48.95,50.67,230.6825,0.94875,2.9025
2026-07-10,1,serverroom,meter-server-01,63.4725,106.63,230.0675,0.73425,16.31
2026-07-10,2,building,meter-main-01,50.475,56.22,231.04250000000002,0.951,2.8125
2026-07-10,2,floor1,meter-floor1-01,50.004999999999995,52.83,230.695,0.90325,5.3825
2026-07-10,2,floor2,meter-floor2-01,50.85,54.99,230.5625,0.9532499999999999,2.775
2026-07-10,2,serverroom,meter-server-01,51.4325,53.61,228.1825,0.7275,15.49
2026-07-10,3,building,meter-main-01,48.4925,52.3,230.41,0.96075,2.7199999999999998
2026-07-10,3,floor1,meter-floor1-01,49.4825,53.86,230.4325,0.89725,5.2475000000000005
2026-07-10,3,floor2,meter-floor2-01,48.0025,52.16,230.0325,0.95875,2.82
2026-07-10,3,serverroom,meter-server-01,51.6675,54.12,224.4825,0.72825,15.44
2026-07-10,4,building,meter-main-01,52.932500000000005,56.86,230.4725,0.94275,2.895
2026-07-10,4,floor1,meter-floor1-01,51.1825,56.94,229.9375,0.907,5.215
2026-07-10,4,floor2,meter-floor2-01,53.3125,56.91,229.13,0.9535,2.8725
2026-07-10,4,serverroom,meter-server-01,48.455,49.52,224.845,0.7255,15.6125
2026-07-10,5,building,meter-main-01,48.9925,54.07,229.4725,0.94425,2.6799999999999997
2026-07-10,5,floor1,meter-floor1-01,49.7175,51.79,230.35,0.9095,5.5575
2026-07-10,5,floor2,meter-floor2-01,51.629999999999995,56.96,230.475,0.95,2.805
2026-07-10,5,serverroom,meter-server-01,60.4,93.64,229.72750000000002,0.731,16.255000000000003
2026-07-10,6,building,meter-main-01,46.46,48.38,229.6475,0.954,2.8225000000000002
2026-07-10,6,floor1,meter-floor1-01,50.2475,51.36,229.975,0.90075,5.3375
2026-07-10,6,floor2,meter-floor2-01,50.432500000000005,52.06,228.735,0.95175,2.9375
2026-07-10,6,serverroom,meter-server-01,63.61,105.47,227.97500000000002,0.72775,16.22
2026-07-10,7,building,meter-main-01,52.31,56.13,230.68,0.9572499999999999,2.6025
2026-07-10,7,floor1,meter-floor1-01,50.5325,51.45,229.2625,0.901,5.4575
2026-07-10,7,floor2,meter-floor2-01,48.6975,50.57,230.565,0.94575,2.94
2026-07-10,7,serverroom,meter-server-01,51.3775,53.05,229.8425,0.72475,15.4775
2026-07-10,8,building,meter-main-01,91.9475,97.68,229.73749999999998,0.9450000000000001,2.725
2026-07-10,8,floor1,meter-floor1-01,88.4575,91.01,230.9025,0.904,5.72
2026-07-10,8,floor2,meter-floor2-01,90.4225,96.43,229.9925,0.945,2.77
2026-07-10,8,serverroom,meter-server-01,108.22,166.9,230.085,0.733,16.085
2026-07-10,9,building,meter-main-01,107.3275,117.76,230.4875,0.942,2.84
2026-07-10,9,floor1,meter-floor1-01,105.52250000000001,108.7,229.885,0.8995,5.615
2026-07-10,9,floor2,meter-floor2-01,108.11250000000001,113.93,229.095,0.94775,2.8075
2026-07-10,9,serverroom,meter-server-01,104.455,107.83,220.175,0.72525,15.53
2026-07-10,10,building,meter-main-01,120.84,125.15,229.36,0.9522499999999999,2.945
2026-07-10,10,floor1,meter-floor1-01,123.22749999999999,127.69,229.4475,0.90375,5.7875
2026-07-10,10,floor2,meter-floor2-01,121.6725,127.66,230.19,0.9575,2.9275
2026-07-10,10,serverroom,meter-server-01,150.03,192.49,230.1975,0.7275,16.9225
2026-07-10,11,building,meter-main-01,136.3075,143.97,231.0425,0.9562499999999999,2.9775
2026-07-10,11,floor1,meter-floor1-01,136.7175,143.93,230.1675,0.89725,5.7075
2026-07-10,11,floor2,meter-floor2-01,131.3525,134.29,229.92000000000002,0.95175,2.63
2026-07-10,11,serverroom,meter-server-01,132.9875,139.78,227.4025,0.719,15.52
2026-07-10,12,building,meter-main-01,148.35500000000002,151.08,230.45749999999998,0.956,2.705
2026-07-10,12,floor1,meter-floor1-01,147.355,150.07,230.4275,0.89525,5.71
2026-07-10,12,floor2,meter-floor2-01,145.4325,151.77,230.5,0.94675,2.86
2026-07-10,12,serverroom,meter-server-01,147.005,148.56,221.5325,0.719,15.5975
2026-07-10,13,building,meter-main-01,156.41500000000002,161.33,230.0675,0.947,2.615
2026-07-10,13,floor1,meter-floor1-01,154.62,158.34,229.72750000000002,0.902,5.805
2026-07-10,13,floor2,meter-floor2-01,155.36,159.68,229.845,0.9522499999999999,2.825
2026-07-10,13,serverroom,meter-server-01,154.3875,157.24,230.54500000000002,0.71775,15.385
2026-07-10,14,building,meter-main-01,159.5975,161.75,229.475,0.9462499999999999,2.86
2026-07-10,14,floor1,meter-floor1-01,158.95499999999998,161.78,229.12,0.90175,5.7425
2026-07-10,14,floor2,meter-floor2-01,161.535,165.67,230.4875,0.95475,2.8825000000000003
2026-07-10,14,serverroom,meter-server-01,160.0075,166.73,228.29,0.72475,15.385
2026-07-10,15,building,meter-main-01,160.1275,164.93,230.8825,0.9635,3.0825
2026-07-10,15,floor1,meter-floor1-01,158.75,161.67,229.7525,0.89725,5.865
2026-07-10,15,floor2,meter-floor2-01,157.9375,165.61,229.985,0.9405,2.8274999999999997
2026-07-10,15,serverroom,meter-server-01,161.39499999999998,162.74,228.785,0.72125,15.69
2026-07-10,16,building,meter-main-01,156.195,165.2,229.73000000000002,0.9495,2.83
2026-07-10,16,floor1,meter-floor1-01,156.155,160.82,230.3325,0.88725,5.945
2026-07-10,16,floor2,meter-floor2-01,155.9925,160.14,228.8925,0.94975,2.845
2026-07-10,16,serverroom,meter-server-01,157.255,161.65,229.0925,0.726,15.5725
2026-07-10,17,building,meter-main-01,149.1625,153.26,230.7025,0.949,2.8575
2026-07-10,17,floor1,meter-floor1-01,151.7525,154.91,230.89749999999998,0.89275,5.9350000000000005
2026-07-10,17,floor2,meter-floor2-01,149.535,151.64,229.54749999999999,0.9502499999999999,2.81
2026-07-10,17,serverroom,meter-server-01,148.8125,152.59,230.495,0.72475,15.83
2026-07-10,18,building,meter-main-01,137.9675,142.79,228.9475,0.95275,2.9
2026-07-10,18,floor1,meter-floor1-01,139.09,144.27,229.99,0.889,6.085
2026-07-10,18,floor2,meter-floor2-01,137.365,143.14,230.06,0.954,3.2824999999999998
2026-07-10,18,serverroom,meter-server-01,136.83249999999998,140.33,230.9975,0.72075,15.475000000000001
2026-07-10,19,building,meter-main-01,50.71,54.76,230.445,0.95475,2.9
2026-07-10,19,floor1,meter-floor1-01,52.32,65.65,230.6675,0.8875,7.015000000000001
2026-07-10,19,floor2,meter-floor2-01,50.79,53.21,230.2875,0.945,2.755
2026-07-10,19,serverroom,meter-server-01,51.0575,53.57,221.2875,0.72025,15.2975
2026-07-10,20,building,meter-main-01,50.4225,52.07,229.49,0.95375,2.7
2026-07-10,20,floor1,meter-floor1-01,51.7425,53.33,229.3625,0.8865000000000001,6.172499999999999
2026-07-10,20,floor2,meter-floor2-01,49.7525,53.02,231.1825,0.95275,2.8225
2026-07-10,20,serverroom,meter-server-01,62.0325,96.59,228.12,0.7182499999999999,16.3625
2026-07-10,21,building,meter-main-01,50.835,52.85,229.10750000000002,0.9502499999999999,2.925
2026-07-10,21,floor1,meter-floor1-01,50.5375,51.92,230.35000000000002,0.886,6.2175
2026-07-10,21,floor2,meter-floor2-01,48.5675,56.87,230.3375,0.944,2.84
2026-07-10,21,serverroom,meter-server-01,46.7925,51.4,229.38,0.72025,15.6025
2026-07-10,22,building,meter-main-01,51.629999999999995,56.5,230.1925,0.9552499999999999,2.875
2026-07-10,22,floor1,meter-floor1-01,48.305,49.58,230.4275,0.88025,6.195
2026-07-10,22,floor2,meter-floor2-01,50.4,53.15,229.57750000000001,0.9515,2.6625
2026-07-10,22,serverroom,meter-server-01,50.315,53.83,229.9225,0.72325,15.6275
2026-07-10,23,building,meter-main-01,50.5575,52.16,229.8575,0.95275,2.9425
2026-07-10,23,floor1,meter-floor1-01,49.5175,54.04,229.3475,0.892,6.1825
2026-07-10,23,floor2,meter-floor2-01,55.4375,57.18,229.7775,0.94875,2.8175
2026-07-10,23,serverroom,meter-server-01,67.75750000000001,117.01,225.52,0.72825,16.2675
2026-07-11,0,building,meter-main-01,52.2325,53.75,230.2225,0.953,2.76
2026-07-11,0,floor1,meter-floor1-01,48.01,53.12,228.93,0.8905000000000001,6.3
2026-07-11,0,floor2,meter-floor2-01,49.4075,51.17,229.5225,0.95575,2.77
2026-07-11,0,serverroom,meter-server-01,51.6625,52.98,229.4375,0.73325,15.485
2026-07-11,1,building,meter-main-01,51.1075,53.29,230.1175,0.9492499999999999,2.8225
2026-07-11,1,floor1,meter-floor1-01,50.0575,52.74,229.8625,0.8805000000000001,6.365
2026-07-11,1,floor2,meter-floor2-01,51.175,52.9,228.9975,0.9555,2.9125
2026-07-11,1,serverroom,meter-server-01,51.915,55.87,229.74,0.723,15.575000000000001
2026-07-11,2,building,meter-main-01,51.47,53.77,229.6925,0.9545,2.82
2026-07-11,2,floor1,meter-floor1-01,49.41,51.47,230.71249999999998,0.88825,6.33
2026-07-11,2,floor2,meter-floor2-01,51.8025,53.35,229.495,0.9532499999999999,2.77
2026-07-11,2,serverroom,meter-server-01,51.7425,53.6,230.08,0.72975,15.5175
2026-07-11,3,building,meter-main-01,51.93,55.9,230.2825,0.9462499999999999,2.9000000000000004
2026-07-11,3,floor1,meter-floor1-01,49.6875,53.46,229.72,0.89325,6.545
2026-07-11,3,floor2,meter-floor2-01,47.905,50.26,230.44,0.94275,2.87
2026-07-11,3,serverroom,meter-server-01,63.1725,104.02,225.6975,0.712,16.4675
2026-07-11,4,building,meter-main-01,51.96,55.56,230.485,0.949,2.7525
2026-07-11,4,floor1,meter-floor1-01,51.41,53.74,230.1375,0.88325,6.615
2026-07-11,4,floor2,meter-floor2-01,50.4925,53.73,230.21,0.957,2.7475
2026-07-11,4,serverroom,meter-server-01,49.1625,51.04,224.925,0.7244999999999999,15.6
2026-07-11,5,building,meter-main-01,51.805,53.56,229.5775,0.9515,2.6825
2026-07-11,5,floor1,meter-floor1-01,50.894999999999996,54.29,229.92499999999998,0.8825000000000001,6.5225
2026-07-11,5,floor2,meter-floor2-01,53.3625,56.06,229.85,0.9504999999999999,2.745
2026-07-11,5,serverroom,meter-server-01,60.02,90.75,229.715,0.7082499999999999,16.2475
2026-07-11,6,building,meter-main-01,47.8575,48.62,230.9375,0.9445,2.905
2026-07-11,6,floor1,meter-floor1-01,52.0225,54.18,228.3775,0.879,6.925
2026-07-11,6,floor2,meter-floor2-01,50.8675,54.74,230.215,0.9572499999999999,2.82
2026-07-11,6,serverroom,meter-server-01,72.92,100.42,230.2025,0.7112499999999999,16.9875
2026-07-11,7,building,meter-main-01,49.019999999999996,51.8,229.7525,0.953,2.82
2026-07-11,7,floor1,meter-floor1-01,55.6125,65.08,229.625,0.876,7.532500000000001
2026-07-11,7,floor2,meter-floor2-01,52.14,55.3,229.1675,0.94775,2.8925
2026-07-11,7,serverroom,meter-server-01,48.385,50.96,225.5325,0.72475,15.495000000000001
2026-07-11,8,building,meter-main-01,47.295,51.4,229.4875,0.9465,2.6399999999999997
2026-07-11,8,floor1,meter-floor1-01,46.9475,47.44,228.6825,0.88225,6.82
2026-07-11,8,floor2,meter-floor2-01,49.6925,51.11,230.1775,0.94225,3.09
2026-07-11,8,serverroom,meter-server-01,60.4,85.54,229.345,0.726,16.36
2026-07-11,9,building,meter-main-01,49.9575,54.31,229.465,0.94875,2.755
2026-07-11,9,floor1,meter-floor1-01,50.83,53.03,230.2275,0.87775,6.95
2026-07-11,9,floor2,meter-floor2-01,48.2625,50.89,229.935,0.94975,2.8475
2026-07-11,9,serverroom,meter-server-01,53.43,56.67,226.31,0.72725,15.629999999999999
2026-07-11,10,building,meter-main-01,51.51,53.83,230.065,0.9424999999999999,2.8225
2026-07-11,10,floor1,meter-floor1-01,51.71,55.3,229.2125,0.8815,7.047499999999999
2026-07-11,10,floor2,meter-floor2-01,46.5275,50.26,229.1775,0.949,2.8175
2026-07-11,10,serverroom,meter-server-01,49.7825,52.12,230.4075,0.72325,15.61
2026-07-11,11,building,meter-main-01,51.8975,55.75,230.6975,0.9375,2.9275
2026-07-11,11,floor1,meter-floor1-01,49.775,52.77,230.82999999999998,0.8694999999999999,6.855
2026-07-11,11,floor2,meter-floor2-01,51.1725,53.81,228.9625,0.949,2.7575
2026-07-11,11,serverroom,meter-server-01,47.95,51.33,229.835,0.72275,15.637500000000001
2026-07-11,12,building,meter-main-01,49.7475,52.0,229.535,0.956,2.7800000000000002
2026-07-11,12,floor1,meter-floor1-01,53.5525,67.44,228.9425,0.873,7.7525
2026-07-11,12,floor2,meter-floor2-01,48.235,49.09,229.9775,0.9522499999999999,2.8
2026-07-11,12,serverroom,meter-server-01,52.345,53.55,230.39249999999998,0.715,15.52
2026-07-11,13,building,meter-main-01,49.9525,55.09,230.395,0.94975,2.5549999999999997
2026-07-11,13,floor1,meter-floor1-01,50.875,51.95,229.3425,0.8705,7.125
2026-07-11,13,floor2,meter-floor2-01,47.4875,53.01,230.345,0.951,2.9525
2026-07-11,13,serverroom,meter-server-01,47.975,53.26,230.69,0.724,15.475
2026-07-11,14,building,meter-main-01,49.8125,51.52,230.5475,0.9504999999999999,2.8525
2026-07-11,14,floor1,meter-floor1-01,52.0075,54.77,229.9375,0.883,7.255
2026-07-11,14,floor2,meter-floor2-01,50.4425,51.42,230.0475,0.9502499999999999,2.8525
2026-07-11,14,serverroom,meter-server-01,51.207499999999996,54.63,220.9975,0.722,15.5425
2026-07-11,15,building,meter-main-01,49.0275,51.63,228.6075,0.94425,3.2425
2026-07-11,15,floor1,meter-floor1-01,50.96,54.87,230.1025,0.8645,6.955
2026-07-11,15,floor2,meter-floor2-01,49.2825,52.13,229.915,0.9502499999999999,2.6675
2026-07-11,15,serverroom,meter-server-01,55.6475,78.02,229.3775,0.714,16.29
2026-07-11,16,building,meter-main-01,52.9775,57.67,230.20499999999998,0.9455,2.8025
2026-07-11,16,floor1,meter-floor1-01,50.9675,53.31,230.25,0.87075,7.1575
2026-07-11,16,floor2,meter-floor2-01,51.47,54.33,230.7725,0.95,2.795
2026-07-11,16,serverroom,meter-server-01,62.957499999999996,105.28,229.8025,0.72125,16.365000000000002
2026-07-11,17,building,meter-main-01,49.86,54.53,229.8825,0.9544999999999999,2.94
2026-07-11,17,floor1,meter-floor1-01,50.4525,50.74,229.7525,0.87275,7.22
2026-07-11,17,floor2,meter-floor2-01,49.065,53.64,229.845,0.94475,2.95
2026-07-11,17,serverroom,meter-server-01,50.84,53.73,230.4675,0.731,15.4925
2026-07-11,18,building,meter-main-01,47.150000000000006,51.0,230.13,0.94825,2.6925
2026-07-11,18,floor1,meter-floor1-01,52.88,54.84,228.845,0.86925,7.225
2026-07-11,18,floor2,meter-floor2-01,51.0075,52.92,230.3175,0.9455,3.0300000000000002
2026-07-11,18,serverroom,meter-server-01,51.0475,54.42,223.935,0.724,15.565000000000001
2026-07-11,19,building,meter-main-01,50.04,53.56,229.7625,0.94775,2.8525
2026-07-11,19,floor1,meter-floor1-01,54.574999999999996,66.74,229.4925,0.86675,8.0825
2026-07-11,19,floor2,meter-floor2-01,50.885,52.19,229.8025,0.9455,2.99
2026-07-11,19,serverroom,meter-server-01,66.8775,113.45,230.405,0.714,16.335
2026-07-11,20,building,meter-main-01,50.195,52.92,231.295,0.94275,2.8575
2026-07-11,20,floor1,meter-floor1-01,50.5125,53.31,229.955,0.87425,7.4925
2026-07-11,20,floor2,meter-floor2-01,50.7825,55.27,230.39249999999998,0.94275,2.66
2026-07-11,20,serverroom,meter-server-01,52.3825,53.93,229.305,0.72025,15.6475
2026-07-11,21,building,meter-main-01,51.8775,56.05,229.425,0.9512499999999999,2.6675
2026-07-11,21,floor1,meter-floor1-01,50.385,51.9,227.7075,0.8665,7.565
2026-07-11,21,floor2,meter-floor2-01,47.3625,49.73,230.6125,0.945,3.1100000000000003
2026-07-11,21,serverroom,meter-server-01,50.905,53.4,230.7275,0.72625,15.7475
2026-07-11,22,building,meter-main-01,49.035000000000004,54.42,229.885,0.94775,2.8475
2026-07-11,22,floor1,meter-floor1-01,50.3925,53.92,230.29,0.85475,7.35
2026-07-11,22,floor2,meter-floor2-01,50.9875,55.0,230.425,0.95475,2.86
2026-07-11,22,serverroom,meter-server-01,70.82249999999999,129.12,230.2475,0.72125,16.61
2026-07-11,23,building,meter-main-01,49.7825,52.63,229.23749999999998,0.9515,2.735
2026-07-11,23,floor1,meter-floor1-01,45.96,49.18,230.875,0.8565,7.8275
2026-07-11,23,floor2,meter-floor2-01,50.1075,52.93,229.59,0.952,3.315
2026-07-11,23,serverroom,meter-server-01,48.96,51.37,230.05,0.7184999999999999,15.5225
2026-07-12,0,building,meter-main-01,50.765,56.6,230.375,0.9502499999999999,2.855
2026-07-12,0,floor1,meter-floor1-01,47.7025,52.63,229.925,0.857,7.955
2026-07-12,0,floor2,meter-floor2-01,51.835,54.96,230.6975,0.955,2.865
2026-07-12,0,serverroom,meter-server-01,70.1925,132.86,230.01,0.7162499999999999,16.442500000000003
2026-07-12,1,building,meter-main-01,49.1525,50.92,231.4025,0.9512499999999999,2.8975
2026-07-12,1,floor1,meter-floor1-01,49.3,51.96,228.38,0.85875,7.89
2026-07-12,1,floor2,meter-floor2-01,49.7325,54.73,229.97250000000003,0.951,2.8449999999999998
2026-07-12,1,serverroom,meter-server-01,62.0175,94.11,229.86,0.7164999999999999,16.43
2026-07-12,2,building,meter-main-01,50.7375,54.2,228.405,0.9535,2.8049999999999997
2026-07-12,2,floor1,meter-floor1-01,58.3975,71.92,230.39,0.85475,9.26
2026-07-12,2,floor2,meter-floor2-01,51.06,53.55,229.625,0.94875,2.7275
2026-07-12,2,serverroom,meter-server-01,62.910000000000004,96.28,229.655,0.71575,16.4725
2026-07-12,3,building,meter-main-01,50.925,56.21,230.245,0.953,2.775
2026-07-12,3,floor1,meter-floor1-01,50.54,51.49,229.7225,0.861,7.8425
2026-07-12,3,floor2,meter-floor2-01,49.5575,56.49,229.9475,0.9535,2.7525
2026-07-12,3,serverroom,meter-server-01,50.6475,52.77,229.5325,0.7204999999999999,15.7125
2026-07-12,4,building,meter-main-01,46.6875,52.37,229.18,0.9430000000000001,2.785
2026-07-12,4,floor1,meter-floor1-01,50.7,54.68,231.14249999999998,0.859,8.2025
2026-07-12,4,floor2,meter-floor2-01,49.91,54.07,229.01,0.957,2.6875
2026-07-12,4,serverroom,meter-server-01,66.0475,117.08,230.0025,0.7164999999999999,16.355
2026-07-12,5,building,meter-main-01,48.7825,51.37,230.42249999999999,0.9544999999999999,2.71
2026-07-12,5,floor1,meter-floor1-01,51.9825,55.52,229.42249999999999,0.855,7.9975000000000005
2026-07-12,5,floor2,meter-floor2-01,49.045,51.07,229.19,0.9435,2.9
2026-07-12,5,serverroom,meter-server-01,66.71,117.91,229.9975,0.715,16.43
2026-07-12,6,building,meter-main-01,48.93,51.0,229.57,0.94475,2.8975
2026-07-12,6,floor1,meter-floor1-01,52.0925,59.2,229.835,0.85125,8.127500000000001
2026-07-12,6,floor2,meter-floor2-01,49.677499999999995,53.62,230.255,0.949,2.8274999999999997
2026-07-12,6,serverroom,meter-server-01,85.4325,116.39,225.63,0.726,17.4425
2026-07-12,7,building,meter-main-01,51.275,56.33,229.7575,0.948,2.6925
2026-07-12,7,floor1,meter-floor1-01,58.352500000000006,82.15,230.3975,0.8565,9.1125
2026-07-12,7,floor2,meter-floor2-01,49.480000000000004,51.81,230.2175,0.95375,2.8
2026-07-12,7,serverroom,meter-server-01,51.07,53.2,227.19,0.715,15.655000000000001
2026-07-12,8,building,meter-main-01,48.957499999999996,53.66,230.335,0.9535,2.83
2026-07-12,8,floor1,meter-floor1-01,50.1225,50.78,230.1475,0.84675,8.45
2026-07-12,8,floor2,meter-floor2-01,50.7175,52.69,230.975,0.9415,2.725
2026-07-12,8,serverroom,meter-server-01,66.9325,123.0,225.3125,0.7195,16.685000000000002
2026-07-12,9,building,meter-main-01,49.932500000000005,52.47,230.54,0.9515,2.77
2026-07-12,9,floor1,meter-floor1-01,53.4775,71.52,228.2625,0.848,8.93
2026-07-12,9,floor2,meter-floor2-01,50.6225,55.57,230.785,0.958,2.8225
2026-07-12,9,serverroom,meter-server-01,46.725,51.98,230.395,0.72375,15.8025
2026-07-12,10,building,meter-main-01,51.18,57.05,229.5525,0.9472499999999999,2.7600000000000002
2026-07-12,10,floor1,meter-floor1-01,48.6575,50.44,230.2625,0.858,8.27
2026-07-12,10,floor2,meter-floor2-01,48.205,50.56,229.61,0.95,2.9125
2026-07-12,10,serverroom,meter-server-01,64.17,110.57,229.29500000000002,0.71175,16.6525
2026-07-12,11,building,meter-main-01,47.03,52.64,229.31,0.95575,2.83
2026-07-12,11,floor1,meter-floor1-01,48.475,49.29,229.0,0.851,8.350000000000001
2026-07-12,11,floor2,meter-floor2-01,48.665,51.06,229.6875,0.95175,2.8099999999999996
2026-07-12,11,serverroom,meter-server-01,89.215,123.21,231.0475,0.721,18.1
2026-07-12,12,building,meter-main-01,50.6325,53.2,229.59,0.94275,2.875
2026-07-12,12,floor1,meter-floor1-01,49.6775,53.18,227.5675,0.84425,8.4675
2026-07-12,12,floor2,meter-floor2-01,49.705,51.01,230.5525,0.9464999999999999,2.7675
2026-07-12,12,serverroom,meter-server-01,50.86,53.53,227.765,0.71775,15.7775
2026-07-12,13,building,meter-main-01,47.5725,49.48,230.29500000000002,0.95075,2.95
2026-07-12,13,floor1,meter-floor1-01,56.9625,74.13,230.16500000000002,0.85025,9.280000000000001
2026-07-12,13,floor2,meter-floor2-01,52.94,58.08,230.0275,0.949,2.6475
2026-07-12,13,serverroom,meter-server-01,63.2175,106.17,223.62,0.716,16.4725
2026-07-12,14,building,meter-main-01,49.0125,49.6,229.59,0.9524999999999999,3.0125
2026-07-12,14,floor1,meter-floor1-01,48.9125,53.43,230.7025,0.85875,8.6425
2026-07-12,14,floor2,meter-floor2-01,50.8625,53.31,230.94,0.9452499999999999,3.075
2026-07-12,14,serverroom,meter-server-01,48.79,50.87,225.05,0.71375,15.865
2026-07-12,15,building,meter-main-01,50.537499999999994,54.4,230.8025,0.95575,2.925
2026-07-12,15,floor1,meter-floor1-01,51.3525,52.15,227.7575,0.8414999999999999,8.625
2026-07-12,15,floor2,meter-floor2-01,47.8725,50.14,230.3075,0.948,2.98
2026-07-12,15,serverroom,meter-server-01,48.8525,50.69,226.43,0.71675,15.775
2026-07-12,16,building,meter-main-01,50.36,51.59,229.54500000000002,0.9504999999999999,2.8275
2026-07-12,16,floor1,meter-floor1-01,48.82,50.86,228.82999999999998,0.83975,8.82
2026-07-12,16,floor2,meter-floor2-01,50.2475,52.0,229.2825,0.94975,2.73
2026-07-12,16,serverroom,meter-server-01,83.5475,134.16,230.1825,0.71675,17.2625
2026-07-12,17,building,meter-main-01,50.295,54.93,229.3475,0.9575,2.975
2026-07-12,17,floor1,meter-floor1-01,50.7,54.59,229.665,0.84,8.8625
2026-07-12,17,floor2,meter-floor2-01,52.972500000000004,58.78,228.4075,0.9455,2.7075
2026-07-12,17,serverroom,meter-server-01,63.875,108.45,229.8175,0.7152499999999999,16.71
2026-07-12,18,building,meter-main-01,48.855000000000004,54.43,229.9925,0.9482499999999999,2.8075
2026-07-12,18,floor1,meter-floor1-01,49.58,52.58,229.1875,0.8365,8.945
2026-07-12,18,floor2,meter-floor2-01,49.285,51.44,229.3975,0.948,2.73
2026-07-12,18,serverroom,meter-server-01,48.32,51.26,229.9975,0.7215,16.2425
2026-07-12,19,building,meter-main-01,50.43,53.47,229.025,0.941,2.86
2026-07-12,19,floor1,meter-floor1-01,51.4775,54.53,231.0375,0.8394999999999999,9.0525
2026-07-12,19,floor2,meter-floor2-01,50.870000000000005,55.74,229.495,0.9495,2.6775
2026-07-12,19,serverroom,meter-server-01,49.082499999999996,50.93,231.295,0.72225,15.6775
2026-07-12,20,building,meter-main-01,48.6475,52.36,229.9925,0.9492499999999999,2.8725
2026-07-12,20,floor1,meter-floor1-01,48.56,49.12,225.9475,0.83975,8.975
2026-07-12,20,floor2,meter-floor2-01,48.5875,53.29,230.54250000000002,0.94775,2.9325
2026-07-12,20,serverroom,meter-server-01,65.1025,112.12,228.385,0.721,16.5875
2026-07-12,21,building,meter-main-01,50.7375,53.35,230.025,0.951,2.7800000000000002
2026-07-12,21,floor1,meter-floor1-01,52.989999999999995,67.57,229.2175,0.834,9.7875
2026-07-12,21,floor2,meter-floor2-01,47.0875,49.34,230.49,0.9380000000000001,2.865
2026-07-12,21,serverroom,meter-server-01,62.415,95.81,222.1125,0.7175,16.535
2026-07-12,22,building,meter-main-01,51.574999999999996,53.69,231.0525,0.9455,2.795
2026-07-12,22,floor1,meter-floor1-01,55.942499999999995,65.52,230.5575,0.8372499999999999,9.8375
2026-07-12,22,floor2,meter-floor2-01,48.785,54.13,229.1925,0.94875,2.75
2026-07-12,22,serverroom,meter-server-01,66.0475,114.56,229.63,0.70775,16.5775
2026-07-12,23,building,meter-main-01,50.745,52.4,232.0025,0.944,2.7024999999999997
2026-07-12,23,floor1,meter-floor1-01,50.6325,53.79,227.7425,0.83275,9.3225
2026-07-12,23,floor2,meter-floor2-01,49.0075,50.28,230.89249999999998,0.9555,2.6225
2026-07-12,23,serverroom,meter-server-01,48.7425,50.7,229.615,0.7162499999999999,15.7325
2026-07-13,0,building,meter-main-01,50.182500000000005,51.7,230.3375,0.9472499999999999,2.8325
2026-07-13,0,floor1,meter-floor1-01,61.0,85.64,227.565,0.824,10.2125
2026-07-13,0,floor2,meter-floor2-01,48.2575,52.97,229.81,0.95075,2.6875
2026-07-13,0,serverroom,meter-server-01,50.66,54.08,229.51,0.709,15.8725
2026-07-13,1,building,meter-main-01,49.8325,53.15,229.9375,0.9515,2.58
2026-07-13,1,floor1,meter-floor1-01,50.655,52.99,230.1,0.83,9.3075
2026-07-13,1,floor2,meter-floor2-01,53.6175,57.74,230.335,0.943,2.925
2026-07-13,1,serverroom,meter-server-01,49.25,51.56,230.47,0.7215,16.0075
2026-07-13,2,building,meter-main-01,51.615,53.38,230.175,0.943,2.9475
2026-07-13,2,floor1,meter-floor1-01,52.415,56.74,230.215,0.8325,9.2675
2026-07-13,2,floor2,meter-floor2-01,50.2375,51.35,229.055,0.9495,2.68
2026-07-13,2,serverroom,meter-server-01,51.19,58.01,229.795,0.7244999999999999,15.825
2026-07-13,3,building,meter-main-01,50.205,50.9,230.4675,0.9464999999999999,2.7600000000000002
2026-07-13,3,floor1,meter-floor1-01,48.66,51.07,229.6525,0.832,9.575
2026-07-13,3,floor2,meter-floor2-01,49.2,52.5,231.60500000000002,0.95275,2.78
2026-07-13,3,serverroom,meter-server-01,51.08,55.45,230.4525,0.708,15.8525
2026-07-13,4,building,meter-main-01,50.8875,53.34,228.9475,0.948,2.8125
2026-07-13,4,floor1,meter-floor1-01,52.7275,73.68,230.70499999999998,0.8174999999999999,10.3025
2026-07-13,4,floor2,meter-floor2-01,53.0925,56.72,229.52,0.9552499999999999,2.74
2026-07-13,4,serverroom,meter-server-01,72.78999999999999,127.95,230.745,0.7152499999999999,16.705
2026-07-13,5,building,meter-main-01,51.09,55.64,229.7475,0.93875,2.8725
2026-07-13,5,floor1,meter-floor1-01,49.6775,54.28,229.835,0.8294999999999999,9.7475
2026-07-13,5,floor2,meter-floor2-01,49.082499999999996,52.52,230.66,0.957,3.06
2026-07-13,5,serverroom,meter-server-01,49.8475,52.91,229.84,0.7142499999999999,15.7725
2026-07-13,6,building,meter-main-01,47.8775,51.18,229.5425,0.94025,2.76
2026-07-13,6,floor1,meter-floor1-01,49.955,58.57,228.32999999999998,0.828,9.6
2026-07-13,6,floor2,meter-floor2-01,49.987500000000004,51.59,230.0,0.94375,2.77
2026-07-13,6,serverroom,meter-server-01,51.0425,58.05,227.4175,0.7175,15.675
2026-07-13,7,building,meter-main-01,48.5025,49.1,230.92,0.95775,2.715
2026-07-13,7,floor1,meter-floor1-01,51.19,52.82,228.1375,0.82275,9.6225
2026-07-13,7,floor2,meter-floor2-01,48.34,51.04,230.38,0.9545,2.7525
2026-07-13,7,serverroom,meter-server-01,64.41749999999999,100.6,229.4475,0.7172499999999999,16.65
2026-07-13,8,building,meter-main-01,90.465,99.53,230.65,0.9542499999999999,2.82
2026-07-13,8,floor1,meter-floor1-01,90.4025,100.11,229.605,0.8254999999999999,9.8475
2026-07-13,8,floor2,meter-floor2-01,92.23,98.26,230.60250000000002,0.95775,2.8225
2026-07-13,8,serverroom,meter-server-01,90.02250000000001,97.15,230.7825,0.7164999999999999,15.91
2026-07-13,9,building,meter-main-01,107.725,112.13,229.1475,0.95575,2.6550000000000002
2026-07-13,9,floor1,meter-floor1-01,105.4575,112.3,230.64749999999998,0.82325,10.105
2026-07-13,9,floor2,meter-floor2-01,107.66749999999999,114.35,230.60500000000002,0.9552499999999999,2.735
2026-07-13,9,serverroom,meter-server-01,110.055,117.51,229.12,0.72475,15.692499999999999
2026-07-13,10,building,meter-main-01,121.7525,127.16,229.91,0.94825,2.6799999999999997
2026-07-13,10,floor1,meter-floor1-01,123.785,127.83,229.7225,0.8180000000000001,9.91
2026-07-13,10,floor2,meter-floor2-01,124.2975,128.72,228.79500000000002,0.94275,2.745
2026-07-13,10,serverroom,meter-server-01,124.53999999999999,131.65,229.715,0.7152499999999999,15.8775
2026-07-13,11,building,meter-main-01,138.7875,143.61,230.0575,0.95575,2.8049999999999997
2026-07-13,11,floor1,meter-floor1-01,133.635,140.95,230.5025,0.81425,10.2275
2026-07-13,11,floor2,meter-floor2-01,133.575,137.95,230.5175,0.9484999999999999,2.9050000000000002
2026-07-13,11,serverroom,meter-server-01,132.375,135.6,230.0375,0.717,16.2075
2026-07-13,12,building,meter-main-01,147.26749999999998,153.06,229.7875,0.945,2.655
2026-07-13,12,floor1,meter-floor1-01,141.3775,146.19,225.83,0.821,10.4175
2026-07-13,12,floor2,meter-floor2-01,146.67249999999999,150.1,229.3,0.944,2.9
2026-07-13,12,serverroom,meter-server-01,147.61,154.71,230.29,0.71775,16.0725
2026-07-13,13,building,meter-main-01,155.98000000000002,157.24,229.47,0.95175,2.7325
2026-07-13,13,floor1,meter-floor1-01,155.9375,158.83,229.72,0.8140000000000001,10.1875
2026-07-13,13,floor2,meter-floor2-01,156.05,159.19,230.15,0.9524999999999999,2.795
2026-07-13,13,serverroom,meter-server-01,153.8625,156.19,230.125,0.71925,16.065
2026-07-13,14,building,meter-main-01,161.4575,163.19,230.365,0.953,2.76
2026-07-13,14,floor1,meter-floor1-01,159.2975,161.09,226.92000000000002,0.81875,10.3975
2026-07-13,14,floor2,meter-floor2-01,159.125,161.35,230.5,0.94975,2.9575
2026-07-13,14,serverroom,meter-server-01,159.75,162.66,228.8725,0.72,16.009999999999998
2026-07-13,15,building,meter-main-01,161.48250000000002,166.33,228.535,0.9464999999999999,2.615
2026-07-13,15,floor1,meter-floor1-01,161.20250000000001,161.9,228.6275,0.81025,10.675
2026-07-13,15,floor2,meter-floor2-01,158.0475,160.87,230.8325,0.941,2.8600000000000003
2026-07-13,15,serverroom,meter-server-01,162.015,163.2,226.4025,0.721,15.89
2026-07-13,16,building,meter-main-01,156.43,162.89,230.125,0.9535,2.79
2026-07-13,16,floor1,meter-floor1-01,154.7725,163.96,229.7475,0.8067500000000001,10.36
2026-07-13,16,floor2,meter-floor2-01,157.72,161.16,229.8775,0.94325,2.7125
2026-07-13,16,serverroom,meter-server-01,157.005,159.76,226.0425,0.714,15.89
2026-07-13,17,building,meter-main-01,148.075,157.45,230.52,0.93975,2.9625
2026-07-13,17,floor1,meter-floor1-01,158.85,192.76,230.665,0.816,11.24
2026-07-13,17,floor2,meter-floor2-01,145.9375,149.73,228.67000000000002,0.9512499999999999,2.7625
2026-07-13,17,serverroom,meter-server-01,159.3825,195.4,228.925,0.7124999999999999,16.795
2026-07-13,18,building,meter-main-01,135.51,139.82,230.9525,0.9512499999999999,2.93
2026-07-13,18,floor1,meter-floor1-01,143.2025,162.94,227.47,0.8015000000000001,11.485
2026-07-13,18,floor2,meter-floor2-01,134.7275,144.79,230.765,0.95,2.9175
2026-07-13,18,serverroom,meter-server-01,135.9075,140.32,230.985,0.7112499999999999,15.807500000000001
2026-07-13,19,building,meter-main-01,49.325,52.35,229.45,0.94575,2.91
2026-07-13,19,floor1,meter-floor1-01,55.615,73.53,229.975,0.805,11.5725
2026-07-13,19,floor2,meter-floor2-01,48.75,54.13,229.6975,0.9502499999999999,2.8775
2026-07-13,19,serverroom,meter-server-01,50.69,52.75,230.935,0.70875,16.2525
2026-07-13,20,building,meter-main-01,49.485,50.14,228.17000000000002,0.9602499999999999,2.7825
2026-07-13,20,floor1,meter-floor1-01,50.9625,55.0,226.71,0.8055,10.8625
2026-07-13,20,floor2,meter-floor2-01,51.4325,56.24,230.26749999999998,0.949,2.9425
2026-07-13,20,serverroom,meter-server-01,56.94,75.7,225.275,0.7115,16.96
2026-07-13,21,building,meter-main-01,49.2325,51.94,229.45,0.9515,2.7875
2026-07-13,21,floor1,meter-floor1-01,51.417500000000004,53.67,230.73250000000002,0.8015,10.81
2026-07-13,21,floor2,meter-floor2-01,48.2225,50.34,230.075,0.95575,2.935
2026-07-13,21,serverroom,meter-server-01,49.6025,53.75,230.1125,0.7095,16.3775
2026-07-13,22,building,meter-main-01,51.932500000000005,55.53,230.9425,0.9515,2.7575
2026-07-13,22,floor1,meter-floor1-01,48.620000000000005,53.28,229.7225,0.7995000000000001,11.0475
2026-07-13,22,floor2,meter-floor2-01,48.379999999999995,53.18,229.9775,0.9532499999999999,2.69
2026-07-13,22,serverroom,meter-server-01,50.26,52.8,225.7925,0.7162499999999999,16.09
2026-07-13,23,building,meter-main-01,48.2875,51.55,230.3825,0.94975,2.615
2026-07-13,23,floor1,meter-floor1-01,47.957499999999996,49.5,230.0675,0.801,11.225
2026-07-13,23,floor2,meter-floor2-01,49.1,51.49,228.8425,0.9462499999999999,2.885
2026-07-13,23,serverroom,meter-server-01,70.865,133.94,226.105,0.7175,16.565
2026-07-14,0,building,meter-main-01,49.2625,51.89,230.2775,0.9502499999999999,2.7725
2026-07-14,0,floor1,meter-floor1-01,54.4925,69.13,230.5975,0.7985,12.0975
2026-07-14,0,floor2,meter-floor2-01,50.8675,54.86,230.2,0.9542499999999999,3.0324999999999998
2026-07-14,0,serverroom,meter-server-01,62.685,100.78,230.315,0.719,17.1525
2026-07-14,1,building,meter-main-01,49.8825,54.23,231.1425,0.94275,2.6925
2026-07-14,1,floor1,meter-floor1-01,50.8,55.65,230.8975,0.80475,11.395
2026-07-14,1,floor2,meter-floor2-01,49.4725,51.64,229.5225,0.95475,2.9450000000000003
2026-07-14,1,serverroom,meter-server-01,64.5575,114.34,229.5775,0.71275,16.9275
2026-07-14,2,building,meter-main-01,50.345,54.27,229.815,0.94325,2.6675
2026-07-14,2,floor1,meter-floor1-01,59.839999999999996,91.91,230.35250000000002,0.8005,11.915
2026-07-14,2,floor2,meter-floor2-01,48.095,48.8,230.57,0.95475,2.695
2026-07-14,2,serverroom,meter-server-01,48.730000000000004,50.52,230.655,0.719,16.1325
2026-07-14,3,building,meter-main-01,48.9475,51.73,230.04,0.9422499999999999,2.79
2026-07-14,3,floor1,meter-floor1-01,55.0075,74.98,228.565,0.805,12.36
2026-07-14,3,floor2,meter-floor2-01,50.9575,53.62,229.715,0.94775,3.005
2026-07-14,3,serverroom,meter-server-01,49.205,51.74,230.2825,0.7092499999999999,16.12
2026-07-14,4,building,meter-main-01,48.6625,50.66,229.8225,0.9455,2.675
2026-07-14,4,floor1,meter-floor1-01,47.6775,51.61,226.5625,0.80325,11.4175
2026-07-14,4,floor2,meter-floor2-01,52.9825,54.51,228.39499999999998,0.951,2.6225
2026-07-14,4,serverroom,meter-server-01,51.862500000000004,56.52,230.4025,0.713,16.03
2026-07-14,5,building,meter-main-01,50.0125,55.72,229.88,0.955,2.8475
2026-07-14,5,floor1,meter-floor1-01,49.05,52.75,228.355,0.80025,11.425
2026-07-14,5,floor2,meter-floor2-01,50.7525,51.78,230.265,0.953,2.7
2026-07-14,5,serverroom,meter-server-01,80.8625,108.58,230.555,0.7135,17.7675
2026-07-14,6,building,meter-main-01,51.620000000000005,55.22,229.365,0.9515,2.8825
2026-07-14,6,floor1,meter-floor1-01,57.510000000000005,71.98,229.15,0.789,12.17
2026-07-14,6,floor2,meter-floor2-01,51.73,54.3,230.385,0.958,2.86
2026-07-14,6,serverroom,meter-server-01,50.7775,51.8,223.915,0.7124999999999999,16.125
2026-07-14,7,building,meter-main-01,48.4825,50.58,229.4075,0.9482499999999999,2.8825000000000003
2026-07-14,7,floor1,meter-floor1-01,50.2825,51.55,227.32999999999998,0.7917500000000001,11.5775
2026-07-14,7,floor2,meter-floor2-01,51.3675,53.49,230.375,0.9450000000000001,2.6925
2026-07-14,7,serverroom,meter-server-01,62.385000000000005,94.4,230.365,0.7032499999999999,16.7475
2026-07-14,8,building,meter-main-01,91.625,95.69,229.1125,0.9455,2.8525
2026-07-14,8,floor1,meter-floor1-01,88.745,92.74,230.09,0.788,11.8125
2026-07-14,8,floor2,meter-floor2-01,90.445,98.61,230.9075,0.9444999999999999,3.075
2026-07-14,8,serverroom,meter-server-01,92.62,97.73,229.48,0.7184999999999999,16.240000000000002
2026-07-14,9,building,meter-main-01,106.29,109.81,229.755,0.94225,2.565
2026-07-14,9,floor1,meter-floor1-01,108.625,113.73,230.7925,0.7925,11.925
2026-07-14,9,floor2,meter-floor2-01,107.5575,111.99,229.98000000000002,0.9475,2.83
2026-07-14,9,serverroom,meter-server-01,116.05,148.64,230.43,0.71775,16.91
2026-07-14,10,building,meter-main-01,121.86,128.4,229.9675,0.956,2.7875
2026-07-14,10,floor1,meter-floor1-01,128.87,158.82,230.8975,0.795,12.7575
2026-07-14,10,floor2,meter-floor2-01,121.7975,125.43,229.23,0.95275,2.9025
2026-07-14,10,serverroom,meter-server-01,132.825,171.38,230.365,0.7122499999999999,16.7825
2026-07-14,11,building,meter-main-01,134.7225,141.3,229.51749999999998,0.95,2.78
2026-07-14,11,floor1,meter-floor1-01,135.1725,143.11,229.935,0.7875000000000001,12.192499999999999
2026-07-14,11,floor2,meter-floor2-01,135.6725,138.94,230.6675,0.95275,2.7075
2026-07-14,11,serverroom,meter-server-01,145.8125,173.81,229.905,0.713,16.905
2026-07-14,12,building,meter-main-01,146.64249999999998,151.1,230.845,0.951,2.8449999999999998
2026-07-14,12,floor1,meter-floor1-01,152.66,177.45,228.73250000000002,0.7845,12.6675
2026-07-14,12,floor2,meter-floor2-01,147.6925,150.8,230.175,0.95575,2.8325
2026-07-14,12,serverroom,meter-server-01,144.7975,148.74,229.39249999999998,0.7112499999999999,16.005
2026-07-14,13,building,meter-main-01,153.0825,160.88,229.305,0.9535,2.755
2026-07-14,13,floor1,meter-floor1-01,151.73250000000002,153.25,230.0625,0.78325,12.1175
2026-07-14,13,floor2,meter-floor2-01,153.2725,157.55,230.20250000000001,0.95275,2.795
2026-07-14,13,serverroom,meter-server-01,156.7225,158.48,230.31,0.71375,15.9925
2026-07-14,14,building,meter-main-01,159.64,164.35,229.67499999999998,0.9532499999999999,2.605
2026-07-14,14,floor1,meter-floor1-01,180.4325,204.37,227.85000000000002,0.7877500000000001,13.735
2026-07-14,14,floor2,meter-floor2-01,159.0075,160.92,230.05,0.96075,2.735
2026-07-14,14,serverroom,meter-server-01,159.4875,162.87,230.7225,0.712,16.182499999999997
2026-07-14,15,building,meter-main-01,160.05,162.75,230.15,0.9512499999999999,2.7925
2026-07-14,15,floor1,meter-floor1-01,160.7025,167.17,229.66,0.77725,12.67
2026-07-14,15,floor2,meter-floor2-01,161.10000000000002,162.43,230.2825,0.94775,2.835
2026-07-14,15,serverroom,meter-server-01,159.49,161.47,222.2075,0.713,16.1925
2026-07-14,16,building,meter-main-01,156.1,160.72,229.98,0.93875,2.5774999999999997
2026-07-14,16,floor1,meter-floor1-01,154.3125,158.21,230.805,0.781,12.3725
2026-07-14,16,floor2,meter-floor2-01,155.1175,160.18,230.4175,0.94875,2.7199999999999998
2026-07-14,16,serverroom,meter-server-01,171.065,215.54,218.7075,0.7152499999999999,16.8125
2026-07-14,17,building,meter-main-01,147.265,152.41,230.4075,0.9522499999999999,2.8125
2026-07-14,17,floor1,meter-floor1-01,152.435,160.89,229.9975,0.77275,12.594999999999999
2026-07-14,17,floor2,meter-floor2-01,150.6975,156.88,230.3025,0.9595,2.8325
2026-07-14,17,serverroom,meter-server-01,162.375,196.43,230.2025,0.7224999999999999,16.955000000000002
2026-07-14,18,building,meter-main-01,138.635,142.43,229.845,0.948,2.8425000000000002
2026-07-14,18,floor1,meter-floor1-01,136.465,146.26,228.9125,0.779,12.575
2026-07-14,18,floor2,meter-floor2-01,138.6375,143.77,229.6425,0.9524999999999999,2.9825
2026-07-14,18,serverroom,meter-server-01,152.33499999999998,197.98,229.0075,0.7135,16.8625
2026-07-14,19,building,meter-main-01,50.29,54.22,230.3875,0.9542499999999999,2.87
2026-07-14,19,floor1,meter-floor1-01,50.7725,52.1,230.1,0.764,12.65
2026-07-14,19,floor2,meter-floor2-01,47.5025,51.43,231.7,0.94625,2.6525
2026-07-14,19,serverroom,meter-server-01,70.56,127.91,228.9975,0.7284999999999999,17.104999999999997
2026-07-14,20,building,meter-main-01,48.135,51.92,229.2975,0.9445,2.885
2026-07-14,20,floor1,meter-floor1-01,49.8725,51.16,229.45,0.77,12.9175
2026-07-14,20,floor2,meter-floor2-01,51.595,53.27,230.11249999999998,0.94025,2.7475
2026-07-14,20,serverroom,meter-server-01,49.3725,50.94,228.4425,0.7084999999999999,16.1025
2026-07-14,21,building,meter-main-01,49.0725,52.39,231.85,0.94575,2.7875
2026-07-14,21,floor1,meter-floor1-01,51.36,52.92,228.5225,0.75825,13.0525
2026-07-14,21,floor2,meter-floor2-01,47.8925,49.81,230.525,0.9485,2.6025
2026-07-14,21,serverroom,meter-server-01,51.5325,55.21,230.9925,0.7084999999999999,16.1725
2026-07-14,22,building,meter-main-01,50.045,53.67,229.035,0.94975,2.87
2026-07-14,22,floor1,meter-floor1-01,55.2525,72.71,226.3475,0.76525,13.64
2026-07-14,22,floor2,meter-floor2-01,50.4025,51.77,228.705,0.9425,2.6425
2026-07-14,22,serverroom,meter-server-01,50.38,54.27,229.6075,0.717,16.057499999999997
2026-07-14,23,building,meter-main-01,48.825,50.64,229.755,0.946,3.02
2026-07-14,23,floor1,meter-floor1-01,61.2225,96.02,228.6625,0.766,13.907499999999999
2026-07-14,23,floor2,meter-floor2-01,47.945,49.34,230.39,0.9592499999999999,2.7025
2026-07-14,23,serverroom,meter-server-01,51.005,53.02,230.0925,0.71075,16.12
2026-07-15,0,building,meter-main-01,48.849999999999994,51.43,231.565,0.94825,2.8925
2026-07-15,0,floor1,meter-floor1-01,47.735,51.06,231.8625,0.7745,13.2725
2026-07-15,0,floor2,meter-floor2-01,52.955,55.37,230.6375,0.94575,2.765
2026-07-15,0,serverroom,meter-server-01,66.245,118.76,230.425,0.7055,17.0175
2026-07-15,1,building,meter-main-01,50.08,52.14,229.085,0.9450000000000001,2.84
2026-07-15,1,floor1,meter-floor1-01,48.682500000000005,52.15,230.315,0.76075,13.21
2026-07-15,1,floor2,meter-floor2-01,50.817499999999995,53.61,230.5575,0.94275,2.84
2026-07-15,1,serverroom,meter-server-01,49.292500000000004,51.69,229.76,0.712,16.064999999999998
2026-07-15,2,building,meter-main-01,48.735,52.14,229.49,0.9542499999999999,3.025
2026-07-15,2,floor1,meter-floor1-01,67.1725,115.79,229.94,0.763,14.0825
2026-07-15,2,floor2,meter-floor2-01,50.1725,52.04,230.1925,0.969,2.6025
2026-07-15,2,serverroom,meter-server-01,50.8125,53.95,227.2425,0.71175,16.3825
2026-07-15,3,building,meter-main-01,47.7475,53.06,229.22250000000003,0.954,2.915
2026-07-15,3,floor1,meter-floor1-01,58.5675,85.12,226.885,0.763,14.485
2026-07-15,3,floor2,meter-floor2-01,49.92,53.38,230.36,0.9412499999999999,2.905
2026-07-15,3,serverroom,meter-server-01,48.14,53.4,229.07999999999998,0.71775,16.1125
2026-07-15,4,building,meter-main-01,50.665,53.54,229.2625,0.9525,2.8225
2026-07-15,4,floor1,meter-floor1-01,52.5,55.56,225.72500000000002,0.758,13.45
2026-07-15,4,floor2,meter-floor2-01,50.1,55.97,231.075,0.94625,2.9325
2026-07-15,4,serverroom,meter-server-01,51.417500000000004,54.13,230.4075,0.7072499999999999,16.365000000000002
2026-07-15,5,building,meter-main-01,49.010000000000005,52.17,229.63750000000002,0.95575,2.9125
2026-07-15,5,floor1,meter-floor1-01,48.035,50.22,228.6175,0.75225,13.8575
2026-07-15,5,floor2,meter-floor2-01,46.1525,48.43,230.0675,0.96175,2.69
2026-07-15,5,serverroom,meter-server-01,64.0425,100.29,227.7775,0.711,16.915
2026-07-15,6,building,meter-main-01,51.065,51.9,229.2825,0.94975,2.7425
2026-07-15,6,floor1,meter-floor1-01,49.93,52.8,226.835,0.755,13.477500000000001
2026-07-15,6,floor2,meter-floor2-01,52.2625,54.09,230.3425,0.9435,2.6625
2026-07-15,6,serverroom,meter-server-01,64.4725,108.24,229.16,0.71,17.045
2026-07-15,7,building,meter-main-01,48.74,51.14,229.8,0.9472499999999999,2.8875
2026-07-15,7,floor1,meter-floor1-01,48.99,50.46,230.73250000000002,0.7505,13.915
2026-07-15,7,floor2,meter-floor2-01,49.64,51.8,230.13,0.946,2.725
2026-07-15,7,serverroom,meter-server-01,52.015,56.11,226.2475,0.7032499999999999,16.1625
2026-07-15,8,building,meter-main-01,91.435,97.45,231.5525,0.951,2.81
2026-07-15,8,floor1,meter-floor1-01,92.58250000000001,97.63,230.0475,0.752,13.8975
2026-07-15,8,floor2,meter-floor2-01,91.22749999999999,94.49,229.70499999999998,0.9455,3.0324999999999998
2026-07-15,8,serverroom,meter-server-01,106.565,152.93,229.8475,0.708,16.965
2026-07-15,9,building,meter-main-01,106.455,114.88,229.1125,0.9515,3.0975
2026-07-15,9,floor1,meter-floor1-01,118.1175,153.97,229.9775,0.74825,14.765
2026-07-15,9,floor2,meter-floor2-01,108.6125,114.16,229.51,0.95875,2.7
2026-07-15,9,serverroom,meter-server-01,107.3675,114.28,225.465,0.70475,16.2575
2026-07-15,10,building,meter-main-01,120.0875,128.24,229.055,0.9552499999999999,2.6875
2026-07-15,10,floor1,meter-floor1-01,134.385,175.06,228.3,0.751,14.75
2026-07-15,10,floor2,meter-floor2-01,121.99249999999999,124.71,230.0925,0.9502499999999999,2.6975
2026-07-15,10,serverroom,meter-server-01,137.885,184.83,225.7575,0.7135,16.925
2026-07-15,11,building,meter-main-01,135.5025,139.54,230.425,0.9575,2.615
2026-07-15,11,floor1,meter-floor1-01,135.005,140.31,229.99,0.7495,14.1625
2026-07-15,11,floor2,meter-floor2-01,134.585,144.31,230.785,0.9475,2.7750000000000004
2026-07-15,11,serverroom,meter-server-01,136.25,140.42,229.1775,0.71475,16.2025
2026-07-15,12,building,meter-main-01,146.0375,152.66,229.6225,0.95675,2.74
2026-07-15,12,floor1,meter-floor1-01,143.6925,145.66,230.43,0.74175,14.165000000000001
2026-07-15,12,floor2,meter-floor2-01,144.5225,146.15,229.825,0.95675,2.7975
2026-07-15,12,serverroom,meter-server-01,157.29000000000002,182.8,230.3375,0.69675,17.01
2026-07-15,13,building,meter-main-01,153.3875,161.97,229.235,0.9512499999999999,2.7325
2026-07-15,13,floor1,meter-floor1-01,153.1975,155.88,229.8725,0.74225,14.2425
2026-07-15,13,floor2,meter-floor2-01,155.945,162.34,230.0775,0.947,2.7875
2026-07-15,13,serverroom,meter-server-01,169.73250000000002,218.52,225.0975,0.7092499999999999,16.94
2026-07-15,14,building,meter-main-01,158.93,165.23,231.6475,0.9385,2.7075
2026-07-15,14,floor1,meter-floor1-01,171.6025,204.52,226.4725,0.744,15.2575
2026-07-15,14,floor2,meter-floor2-01,157.645,161.63,231.135,0.953,2.9125
2026-07-15,14,serverroom,meter-server-01,158.64749999999998,159.47,229.5975,0.708,16.005
2026-07-15,15,building,meter-main-01,158.12,159.54,229.5,0.9512499999999999,2.6350000000000002
2026-07-15,15,floor1,meter-floor1-01,159.01999999999998,162.75,230.20749999999998,0.7424999999999999,14.5575
2026-07-15,15,floor2,meter-floor2-01,159.2025,162.07,230.35,0.9544999999999999,2.9925
2026-07-15,15,serverroom,meter-server-01,158.0875,158.52,227.68,0.7124999999999999,16.33
2026-07-15,16,building,meter-main-01,154.66750000000002,159.37,229.77,0.94825,2.69
2026-07-15,16,floor1,meter-floor1-01,171.595,226.23,227.56,0.74725,15.385
2026-07-15,16,floor2,meter-floor2-01,155.5425,158.42,230.7875,0.9455,2.8775
2026-07-15,16,serverroom,meter-server-01,171.85,223.17,229.2375,0.71,17.1725
2026-07-15,17,building,meter-main-01,147.6575,150.34,231.58249999999998,0.9515,2.885
2026-07-15,17,floor1,meter-floor1-01,160.625,199.05,230.005,0.74525,15.435
2026-07-15,17,floor2,meter-floor2-01,149.39,153.49,230.0425,0.9522499999999999,2.8525
2026-07-15,17,serverroom,meter-server-01,149.8075,152.88,230.3475,0.70975,16.205
2026-07-15,18,building,meter-main-01,138.28,145.91,229.8025,0.9504999999999999,2.7800000000000002
2026-07-15,18,floor1,meter-floor1-01,146.255,169.02,229.7475,0.7284999999999999,15.6475
2026-07-15,18,floor2,meter-floor2-01,136.83499999999998,144.1,229.54,0.949,2.755
2026-07-15,18,serverroom,meter-server-01,137.52,141.25,227.0275,0.7182499999999999,16.2875
2026-07-15,19,building,meter-main-01,48.5,54.19,229.835,0.95,2.8425
2026-07-15,19,floor1,meter-floor1-01,50.34,52.9,224.7975,0.73625,15.0625
2026-07-15,19,floor2,meter-floor2-01,53.125,54.85,229.845,0.9515,2.6975
2026-07-15,19,serverroom,meter-server-01,50.22,52.57,230.505,0.70175,16.5575
2026-07-15,20,building,meter-main-01,48.61,52.94,230.14999999999998,0.9552499999999999,3.08
2026-07-15,20,floor1,meter-floor1-01,79.4025,107.99,223.8675,0.728,16.475
2026-07-15,20,floor2,meter-floor2-01,49.3825,51.1,230.2975,0.945,2.82
2026-07-15,20,serverroom,meter-server-01,50.505,53.75,229.1775,0.698,16.1475
2026-07-15,21,building,meter-main-01,50.927499999999995,52.26,230.2825,0.9524999999999999,2.96
2026-07-15,21,floor1,meter-floor1-01,49.925,51.22,229.625,0.72225,15.0475
2026-07-15,21,floor2,meter-floor2-01,47.6625,50.39,229.7825,0.9595,2.9325
2026-07-15,21,serverroom,meter-server-01,47.7425,51.0,227.6175,0.7112499999999999,16.22
2026-07-15,22,building,meter-main-01,49.855000000000004,52.27,230.155,0.947,2.9699999999999998
2026-07-15,22,floor1,meter-floor1-01,49.5075,56.05,229.755,0.7335,15.395
2026-07-15,22,floor2,meter-floor2-01,49.2775,56.96,230.1825,0.95025,2.705
2026-07-15,22,serverroom,meter-server-01,47.915,50.72,228.99,0.6995,16.4625
2026-07-15,23,building,meter-main-01,51.03,52.76,230.73250000000002,0.9562499999999999,2.9450000000000003
2026-07-15,23,floor1,meter-floor1-01,67.715,126.8,229.7575,0.72225,16.0625
2026-07-15,23,floor2,meter-floor2-01,52.8675,58.79,231.20499999999998,0.9555,2.88
2026-07-15,23,serverroom,meter-server-01,51.6,52.37,226.255,0.7135,16.4975
2026-07-16,0,building,meter-main-01,49.667500000000004,51.76,229.10750000000002,0.9485,2.8425
2026-07-16,0,floor1,meter-floor1-01,49.64,51.53,230.82,0.72525,15.379999999999999
2026-07-16,0,floor2,meter-floor2-01,50.275,53.32,229.98250000000002,0.95675,2.9725
2026-07-16,0,serverroom,meter-server-01,73.94,137.57,227.0475,0.7144999999999999,17.0925
2026-07-16,1,building,meter-main-01,49.2025,51.14,230.9625,0.94575,2.7025
2026-07-16,1,floor1,meter-floor1-01,57.9325,78.13,229.2975,0.72675,16.235
2026-07-16,1,floor2,meter-floor2-01,52.39,55.15,229.695,0.9515,2.85
2026-07-16,1,serverroom,meter-server-01,52.43,54.94,222.15,0.7072499999999999,16.505
2026-07-16,2,building,meter-main-01,49.7425,55.51,230.23000000000002,0.95275,2.75
2026-07-16,2,floor1,meter-floor1-01,50.3825,52.52,229.2975,0.7152499999999999,15.505
2026-07-16,2,floor2,meter-floor2-01,51.3725,52.05,229.635,0.95475,2.6375
2026-07-16,2,serverroom,meter-server-01,51.0975,53.94,230.98250000000002,0.7132499999999999,16.285
2026-07-16,3,building,meter-main-01,48.19,50.94,229.78,0.9464999999999999,2.8649999999999998
2026-07-16,3,floor1,meter-floor1-01,53.1125,55.65,229.6925,0.72125,15.6475
2026-07-16,3,floor2,meter-floor2-01,48.4925,53.59,229.07750000000001,0.952,2.835
2026-07-16,3,serverroom,meter-server-01,58.849999999999994,84.6,230.4075,0.71175,17.095
2026-07-16,4,building,meter-main-01,51.269999999999996,59.29,230.2375,0.9532499999999999,2.8475
2026-07-16,4,floor1,meter-floor1-01,49.9275,52.27,226.495,0.7152499999999999,15.9675
2026-07-16,4,floor2,meter-floor2-01,53.2025,58.33,230.0625,0.95,2.8075
2026-07-16,4,serverroom,meter-server-01,50.2175,55.44,229.2375,0.71175,16.24
2026-07-16,5,building,meter-main-01,51.86,57.63,231.48,0.956,3.1675
2026-07-16,5,floor1,meter-floor1-01,48.8025,50.65,226.32999999999998,0.724,16.08
2026-07-16,5,floor2,meter-floor2-01,49.870000000000005,51.4,229.8725,0.94,2.7575
2026-07-16,5,serverroom,meter-server-01,51.6,55.95,229.1825,0.71075,16.13
2026-07-16,6,building,meter-main-01,49.167500000000004,55.62,228.85750000000002,0.953,2.6950000000000003
2026-07-16,6,floor1,meter-floor1-01,48.545,51.07,226.555,0.71775,16.1325
2026-07-16,6,floor2,meter-floor2-01,51.230000000000004,53.2,229.825,0.958,2.7525
2026-07-16,6,serverroom,meter-server-01,66.9125,124.55,230.3375,0.7092499999999999,17.28
2026-07-16,7,building,meter-main-01,51.6475,54.67,229.5275,0.9465,2.6550000000000002
2026-07-16,7,floor1,meter-floor1-01,50.917500000000004,54.32,230.0275,0.72025,16.34
2026-07-16,7,floor2,meter-floor2-01,49.9,52.44,230.055,0.9455,2.7075
2026-07-16,7,serverroom,meter-server-01,58.5775,88.07,230.2025,0.7095,17.0625
2026-07-16,8,building,meter-main-01,96.5125,101.17,229.91,0.9495,2.7824999999999998
2026-07-16,8,floor1,meter-floor1-01,103.605,130.31,229.04500000000002,0.7104999999999999,16.855
2026-07-16,8,floor2,meter-floor2-01,90.4725,94.93,230.335,0.95575,2.7625
2026-07-16,8,serverroom,meter-server-01,90.0025,93.52,224.26749999999998,0.7102499999999999,16.294999999999998
2026-07-16,9,building,meter-main-01,103.7725,108.93,230.375,0.95475,2.845
2026-07-16,9,floor1,meter-floor1-01,107.205,110.66,229.6975,0.703,16.265
2026-07-16,9,floor2,meter-floor2-01,106.6125,118.38,230.7575,0.9542499999999999,3.02
2026-07-16,9,serverroom,meter-server-01,106.3375,113.21,230.2175,0.7062499999999999,16.3125
2026-07-16,10,building,meter-main-01,119.1075,124.5,229.9925,0.94875,2.8049999999999997
2026-07-16,10,floor1,meter-floor1-01,129.255,154.95,224.225,0.7072499999999999,17.215
2026-07-16,10,floor2,meter-floor2-01,121.15,123.59,229.64249999999998,0.943,2.6374999999999997
2026-07-16,10,serverroom,meter-server-01,139.9075,198.91,230.64,0.711,17.175
2026-07-16,11,building,meter-main-01,134.555,145.14,229.095,0.9564999999999999,2.6725
2026-07-16,11,floor1,meter-floor1-01,144.77,179.26,230.7025,0.7015,17.2775
2026-07-16,11,floor2,meter-floor2-01,136.43,139.06,229.7725,0.9502499999999999,2.95
2026-07-16,11,serverroom,meter-server-01,135.88,141.27,229.785,0.7075,16.497500000000002
2026-07-16,12,building,meter-main-01,146.5525,152.0,230.415,0.9472499999999999,2.6625
2026-07-16,12,floor1,meter-floor1-01,156.0025,184.13,229.595,0.702,17.455000000000002
2026-07-16,12,floor2,meter-floor2-01,145.1325,149.97,229.23250000000002,0.9452499999999999,2.685
2026-07-16,12,serverroom,meter-server-01,148.2425,151.94,230.25,0.7172499999999999,16.265
2026-07-16,13,building,meter-main-01,154.45,158.46,230.29,0.95775,3.0175
2026-07-16,13,floor1,meter-floor1-01,155.365,158.85,229.21,0.69875,16.7725
2026-07-16,13,floor2,meter-floor2-01,156.89749999999998,160.1,229.27,0.95,2.6775
2026-07-16,13,serverroom,meter-server-01,172.8225,236.47,229.415,0.7052499999999999,17.175
2026-07-16,14,building,meter-main-01,157.13,159.64,229.1675,0.94425,2.725
2026-07-16,14,floor1,meter-floor1-01,177.3325,231.69,229.8125,0.7012499999999999,17.4425
2026-07-16,14,floor2,meter-floor2-01,157.7725,160.33,230.16750000000002,0.942,2.6925
2026-07-16,14,serverroom,meter-server-01,159.165,163.07,229.915,0.7035,16.4225
2026-07-16,15,building,meter-main-01,159.305,161.18,230.3025,0.9495,2.6399999999999997
2026-07-16,15,floor1,meter-floor1-01,175.44,223.96,229.2725,0.70075,17.62
2026-07-16,15,floor2,meter-floor2-01,159.535,162.99,230.7475,0.94325,2.925
2026-07-16,15,serverroom,meter-server-01,199.4075,243.69,230.985,0.7095,17.814999999999998
2026-07-16,16,building,meter-main-01,156.01749999999998,159.06,229.5775,0.9542499999999999,3.17
2026-07-16,16,floor1,meter-floor1-01,168.7825,219.96,230.375,0.7015,17.535
2026-07-16,16,floor2,meter-floor2-01,156.06,161.1,230.21249999999998,0.95275,2.735
2026-07-16,16,serverroom,meter-server-01,155.755,159.08,230.37,0.70975,16.425
2026-07-16,17,building,meter-main-01,147.69,153.57,229.3775,0.9495,2.7475
2026-07-16,17,floor1,meter-floor1-01,164.565,184.47,230.17,0.7035,18.395
2026-07-16,17,floor2,meter-floor2-01,147.4425,148.86,230.6725,0.9532499999999999,2.8275
2026-07-16,17,serverroom,meter-server-01,148.49,151.34,225.2,0.7072499999999999,16.314999999999998
2026-07-16,18,building,meter-main-01,138.1475,143.21,229.9925,0.9484999999999999,2.875
2026-07-16,18,floor1,meter-floor1-01,138.99,143.26,230.5525,0.6995,16.8975
2026-07-16,18,floor2,meter-floor2-01,136.81,144.67,230.34,0.9452499999999999,2.88
2026-07-16,18,serverroom,meter-server-01,137.465,140.71,229.4625,0.70375,16.5175
2026-07-16,19,building,meter-main-01,50.51,52.0,230.35,0.95275,2.8449999999999998
2026-07-16,19,floor1,meter-floor1-01,71.8875,135.53,230.11,0.69825,17.415
2026-07-16,19,floor2,meter-floor2-01,49.582499999999996,52.04,230.01749999999998,0.9535,2.83
2026-07-16,19,serverroom,meter-server-01,52.4775,55.07,227.70999999999998,0.70675,16.265
2026-07-16,20,building,meter-main-01,49.335,53.83,229.8125,0.948,2.705
2026-07-16,20,floor1,meter-floor1-01,64.7625,110.36,224.36,0.6962499999999999,17.7875
2026-07-16,20,floor2,meter-floor2-01,49.230000000000004,54.3,230.5725,0.9472499999999999,2.6275
2026-07-16,20,serverroom,meter-server-01,50.012499999999996,54.98,230.16750000000002,0.6984999999999999,16.447499999999998
2026-07-16,21,building,meter-main-01,48.5625,51.91,230.5125,0.94575,2.745
2026-07-16,21,floor1,meter-floor1-01,49.8975,51.69,228.895,0.7032499999999999,16.740000000000002
2026-07-16,21,floor2,meter-floor2-01,49.95,54.09,228.0625,0.9495,2.8725
2026-07-16,21,serverroom,meter-server-01,51.03,52.9,230.23000000000002,0.712,16.325
2026-07-16,22,building,meter-main-01,50.72,52.63,230.48,0.9415,2.9325
2026-07-16,22,floor1,meter-floor1-01,48.67,50.85,231.3025,0.6972499999999999,16.78
2026-07-16,22,floor2,meter-floor2-01,50.165,52.53,229.67000000000002,0.94975,2.9425
2026-07-16,22,serverroom,meter-server-01,71.215,139.31,220.765,0.7104999999999999,17.25
2026-07-16,23,building,meter-main-01,50.7525,53.47,230.9425,0.9482499999999999,2.9875
2026-07-16,23,floor1,meter-floor1-01,82.6925,130.2,231.12,0.69775,18.2825
2026-07-16,23,floor2,meter-floor2-01,48.835,55.1,230.2425,0.953,2.65
2026-07-16,23,serverroom,meter-server-01,51.345,55.34,231.3325,0.701,16.46
2026-07-17,0,building,meter-main-01,51.26,54.83,229.1225,0.947,2.9924999999999997
2026-07-17,0,floor1,meter-floor1-01,64.57,108.35,226.33,0.70775,17.845
2026-07-17,0,floor2,meter-floor2-01,50.7975,57.33,230.0225,0.94875,2.99
2026-07-17,0,serverroom,meter-server-01,70.21,133.67,228.005,0.70775,17.36
2026-07-17,1,building,meter-main-01,50.7875,53.74,229.23250000000002,0.944,2.625
2026-07-17,1,floor1,meter-floor1-01,48.3125,50.44,227.45,0.6945,16.6725
2026-07-17,1,floor2,meter-floor2-01,53.805,57.93,230.18,0.94475,2.76
2026-07-17,1,serverroom,meter-server-01,77.6725,134.14,230.1275,0.71475,18.1675
2026-07-17,2,building,meter-main-01,51.225,56.14,229.81,0.9515,2.745
2026-07-17,2,floor1,meter-floor1-01,68.9825,125.16,219.16,0.702,17.345
2026-07-17,2,floor2,meter-floor2-01,50.615,53.07,229.8125,0.95225,2.835
2026-07-17,2,serverroom,meter-server-01,71.22,101.64,229.3975,0.70975,17.96
2026-07-17,3,building,meter-main-01,48.3875,50.72,229.5,0.94775,2.7475
2026-07-17,3,floor1,meter-floor1-01,49.0175,54.45,223.8525,0.6965,16.94
2026-07-17,3,floor2,meter-floor2-01,49.1275,53.43,229.39749999999998,0.9452499999999999,2.92
2026-07-17,3,serverroom,meter-server-01,78.5375,128.69,229.60250000000002,0.7092499999999999,18.125
2026-07-17,4,building,meter-main-01,50.0375,53.6,229.7125,0.9502499999999999,2.8725
2026-07-17,4,floor1,meter-floor1-01,69.105,120.75,223.7275,0.69825,17.5275
2026-07-17,4,floor2,meter-floor2-01,48.555,51.96,231.04,0.9602499999999999,3.0225
2026-07-17,4,serverroom,meter-server-01,60.21,86.97,229.7975,0.70275,17.22
2026-07-17,5,building,meter-main-01,50.735,54.34,229.9,0.94975,2.855
2026-07-17,5,floor1,meter-floor1-01,50.72,53.93,230.3125,0.69875,17.01
2026-07-17,5,floor2,meter-floor2-01,52.485,57.54,229.79500000000002,0.9532499999999999,2.7025
2026-07-17,5,serverroom,meter-server-01,48.0675,50.53,227.4125,0.71275,16.3275
2026-07-17,6,building,meter-main-01,50.6075,53.35,230.4725,0.9532499999999999,2.87
2026-07-17,6,floor1,meter-floor1-01,59.879999999999995,86.75,227.3125,0.7004999999999999,17.54
2026-07-17,6,floor2,meter-floor2-01,48.6025,51.17,229.735,0.94025,2.81
2026-07-17,6,serverroom,meter-server-01,51.67,55.16,228.185,0.7022499999999999,16.5475
2026-07-17,7,building,meter-main-01,48.825,50.68,230.9825,0.94225,2.705
2026-07-17,7,floor1,meter-floor1-01,99.5075,141.79,223.94,0.6992499999999999,19.0875
2026-07-17,7,floor2,meter-floor2-01,48.019999999999996,50.38,229.905,0.9495,2.9375
2026-07-17,7,serverroom,meter-server-01,70.205,131.75,231.0325,0.71,17.4325
2026-07-17,8,building,meter-main-01,90.56,95.54,231.1325,0.96075,2.73
2026-07-17,8,floor1,meter-floor1-01,90.9325,97.14,229.9075,0.6995,16.755
2026-07-17,8,floor2,meter-floor2-01,89.1225,95.51,231.1,0.9482499999999999,2.6225
2026-07-17,8,serverroom,meter-server-01,89.3575,97.52,229.9525,0.70775,16.537499999999998
2026-07-17,9,building,meter-main-01,105.2475,109.1,229.99,0.948,2.83
2026-07-17,9,floor1,meter-floor1-01,106.5175,109.74,230.625,0.69225,16.7675
2026-07-17,9,floor2,meter-floor2-01,108.395,111.17,229.07,0.93825,2.635
2026-07-17,9,serverroom,meter-server-01,107.465,112.82,230.6375,0.7082499999999999,16.697499999999998
2026-07-17,10,building,meter-main-01,121.4925,127.13,230.1575,0.9524999999999999,2.61
2026-07-17,10,floor1,meter-floor1-01,144.9325,166.31,229.7675,0.701,18.5075
2026-07-17,10,floor2,meter-floor2-01,119.7525,124.91,230.5125,0.94175,2.7399999999999998
2026-07-17,10,serverroom,meter-server-01,121.86,126.37,224.5,0.7044999999999999,16.79
2026-07-17,11,building,meter-main-01,136.5075,139.61,229.3025,0.94675,2.5975
2026-07-17,11,floor1,meter-floor1-01,156.4875,217.32,230.2575,0.69275,17.612499999999997
2026-07-17,11,floor2,meter-floor2-01,135.32999999999998,138.29,230.0975,0.94775,2.77
2026-07-17,11,serverroom,meter-server-01,140.6975,173.08,226.93,0.6995,17.2625
2026-07-17,12,building,meter-main-01,142.8475,149.41,230.6525,0.9512499999999999,2.9675000000000002
2026-07-17,12,floor1,meter-floor1-01,144.4475,147.33,223.9625,0.7072499999999999,16.7225
2026-07-17,12,floor2,meter-floor2-01,148.3875,151.39,230.1875,0.94175,2.8075
2026-07-17,12,serverroom,meter-server-01,143.9325,145.65,227.48250000000002,0.7032499999999999,16.38
2026-07-17,13,building,meter-main-01,154.77,158.0,228.62,0.9432499999999999,2.7225
2026-07-17,13,floor1,meter-floor1-01,154.0075,155.68,230.3775,0.699,16.795
2026-07-17,13,floor2,meter-floor2-01,154.4475,157.69,230.6075,0.95575,3.0675
2026-07-17,13,serverroom,meter-server-01,175.0725,206.38,227.5975,0.71925,17.939999999999998
2026-07-17,14,building,meter-main-01,161.37,167.18,229.815,0.94975,2.825
2026-07-17,14,floor1,meter-floor1-01,157.445,159.87,229.7125,0.69775,16.6075
2026-07-17,14,floor2,meter-floor2-01,159.89249999999998,162.46,230.465,0.95275,2.775
2026-07-17,14,serverroom,meter-server-01,158.815,162.15,229.9275,0.6982499999999999,16.7025
2026-07-17,15,building,meter-main-01,157.7025,162.23,230.4275,0.9542499999999999,2.8675
2026-07-17,15,floor1,meter-floor1-01,175.235,224.18,226.08,0.6995,17.5225
2026-07-17,15,floor2,meter-floor2-01,160.575,162.28,230.43,0.9532499999999999,2.58
2026-07-17,15,serverroom,meter-server-01,178.3075,237.92,229.095,0.70875,17.3375
2026-07-17,16,building,meter-main-01,154.23000000000002,157.53,229.7225,0.9455,2.665
2026-07-17,16,floor1,meter-floor1-01,179.1475,247.64,225.26,0.695,17.5825
2026-07-17,16,floor2,meter-floor2-01,156.605,158.91,230.3425,0.94575,2.7975
2026-07-17,16,serverroom,meter-server-01,164.01,194.89,230.265,0.707,17.3575
2026-07-17,17,building,meter-main-01,147.6925,152.62,229.1875,0.9584999999999999,2.9525
2026-07-17,17,floor1,meter-floor1-01,163.285,202.39,229.46499999999997,0.7042499999999999,17.505
2026-07-17,17,floor2,meter-floor2-01,146.5,150.78,229.7625,0.9512499999999999,2.75
2026-07-17,17,serverroom,meter-server-01,161.205,193.86,229.84,0.69975,17.34
2026-07-17,18,building,meter-main-01,135.415,141.7,231.0875,0.9592499999999999,2.985
2026-07-17,18,floor1,meter-floor1-01,158.36,217.2,226.2075,0.701,17.6925
2026-07-17,18,floor2,meter-floor2-01,138.1825,142.48,229.815,0.95,2.7175000000000002
2026-07-17,18,serverroom,meter-server-01,143.4075,158.62,224.95749999999998,0.7042499999999999,17.432499999999997
2026-07-17,19,building,meter-main-01,49.475,50.82,230.3175,0.9515,2.8375
2026-07-17,19,floor1,meter-floor1-01,61.8575,93.69,222.0675,0.696,17.450000000000003
2026-07-17,19,floor2,meter-floor2-01,48.71,51.29,229.9375,0.9472499999999999,2.7225
2026-07-17,19,serverroom,meter-server-01,50.7025,52.54,226.2025,0.7062499999999999,16.4975
2026-07-17,20,building,meter-main-01,47.9725,50.0,229.58,0.9495,2.84
2026-07-17,20,floor1,meter-floor1-01,50.3675,54.49,225.9925,0.7012499999999999,16.740000000000002
2026-07-17,20,floor2,meter-floor2-01,51.385,54.5,229.9825,0.955,2.83
2026-07-17,20,serverroom,meter-server-01,50.5125,52.56,228.9,0.7092499999999999,16.475
2026-07-17,21,building,meter-main-01,47.7725,50.58,229.7625,0.94575,2.86
2026-07-17,21,floor1,meter-floor1-01,70.5,132.84,226.1775,0.706,17.43
2026-07-17,21,floor2,meter-floor2-01,51.0125,59.19,229.9175,0.9542499999999999,3.1550000000000002
2026-07-17,21,serverroom,meter-server-01,48.925,50.4,229.06,0.70275,16.485
2026-07-17,22,building,meter-main-01,49.832499999999996,53.8,229.58249999999998,0.95575,2.7575000000000003
2026-07-17,22,floor1,meter-floor1-01,62.4275,98.39,228.1225,0.6985,17.42
2026-07-17,22,floor2,meter-floor2-01,50.95,56.23,230.335,0.954,3.035
2026-07-17,22,serverroom,meter-server-01,58.14,82.89,230.76,0.70275,17.7175
2026-07-17,23,building,meter-main-01,53.2575,57.26,229.87,0.9492499999999999,2.955
2026-07-17,23,floor1,meter-floor1-01,49.51,52.16,230.2925,0.694,16.740000000000002
2026-07-17,23,floor2,meter-floor2-01,47.4125,49.99,229.32,0.951,2.9525
2026-07-17,23,serverroom,meter-server-01,96.4525,135.84,224.5225,0.69825,18.994999999999997
2026-07-18,0,building,meter-main-01,48.9775,51.52,229.9475,0.95075,2.97
2026-07-18,0,floor1,meter-floor1-01,50.0025,51.48,226.54250000000002,0.703,16.685000000000002
2026-07-18,0,floor2,meter-floor2-01,49.905,51.34,229.62,0.948,2.815
2026-07-18,0,serverroom,meter-server-01,50.025000000000006,53.02,229.60250000000002,0.7122499999999999,16.5125
2026-07-18,1,building,meter-main-01,50.095,54.54,230.37,0.94275,2.86
2026-07-18,1,floor1,meter-floor1-01,68.1,129.17,230.24,0.704,17.52
2026-07-18,1,floor2,meter-floor2-01,50.0775,54.06,229.5,0.9542499999999999,2.915
2026-07-18,1,serverroom,meter-server-01,66.4825,127.95,229.105,0.6975,17.3325
2026-07-18,2,building,meter-main-01,49.0975,50.21,230.7175,0.9542499999999999,2.82
2026-07-18,2,floor1,meter-floor1-01,70.32000000000001,135.43,225.9,0.7024999999999999,17.4825
2026-07-18,2,floor2,meter-floor2-01,50.665,54.77,228.72,0.953,2.8325
2026-07-18,2,serverroom,meter-server-01,52.2975,55.72,223.74,0.70475,16.4225
2026-07-18,3,building,meter-main-01,50.3725,52.12,230.2975,0.9562499999999999,2.7675
2026-07-18,3,floor1,meter-floor1-01,48.8225,49.97,230.23000000000002,0.7042499999999999,16.905
2026-07-18,3,floor2,meter-floor2-01,52.2875,57.47,230.5675,0.94975,2.7575
2026-07-18,3,serverroom,meter-server-01,51.74,54.14,224.485,0.6945,16.5925
2026-07-18,4,building,meter-main-01,50.5175,54.42,231.5725,0.958,2.695
2026-07-18,4,floor1,meter-floor1-01,66.6725,123.23,229.97,0.70175,17.6475
2026-07-18,4,floor2,meter-floor2-01,53.265,56.23,229.5925,0.95075,2.9375
2026-07-18,4,serverroom,meter-server-01,65.1675,103.14,220.5475,0.7004999999999999,17.424999999999997
2026-07-18,5,building,meter-main-01,48.42,54.84,229.035,0.94125,2.7575
2026-07-18,5,floor1,meter-floor1-01,66.7325,125.46,226.3975,0.7052499999999999,17.5925
2026-07-18,5,floor2,meter-floor2-01,49.0325,51.53,230.255,0.94975,2.77
2026-07-18,5,serverroom,meter-server-01,51.915,54.1,228.935,0.696,16.58
2026-07-18,6,building,meter-main-01,52.195,54.7,230.5825,0.94675,2.6875
2026-07-18,6,floor1,meter-floor1-01,50.015,53.29,230.45999999999998,0.6925,16.53
2026-07-18,6,floor2,meter-floor2-01,47.57,48.69,230.43,0.95475,2.9625
2026-07-18,6,serverroom,meter-server-01,49.4825,54.75,222.9775,0.69075,16.770000000000003
2026-07-18,7,building,meter-main-01,50.745,52.15,229.595,0.9485,2.665
2026-07-18,7,floor1,meter-floor1-01,52.385,56.31,224.4675,0.698,16.802500000000002
2026-07-18,7,floor2,meter-floor2-01,48.86,53.04,230.23250000000002,0.952,2.74
2026-07-18,7,serverroom,meter-server-01,50.8125,52.65,230.0325,0.7092499999999999,16.655
2026-07-18,8,building,meter-main-01,47.0975,50.47,230.0575,0.94475,2.7
2026-07-18,8,floor1,meter-floor1-01,50.945,53.02,231.36,0.7062499999999999,16.7625
2026-07-18,8,floor2,meter-floor2-01,47.675,51.13,230.66,0.9612499999999999,2.73
2026-07-18,8,serverroom,meter-server-01,55.2325,79.68,225.64249999999998,0.6932499999999999,17.4075
2026-07-18,9,building,meter-main-01,48.7,51.55,229.5325,0.94575,2.76
2026-07-18,9,floor1,meter-floor1-01,65.6125,111.64,225.79,0.7004999999999999,17.54
2026-07-18,9,floor2,meter-floor2-01,47.0225,49.33,229.81,0.951,2.71
2026-07-18,9,serverroom,meter-server-01,68.58250000000001,124.29,226.145,0.707,17.4175
2026-07-18,10,building,meter-main-01,50.0325,52.09,230.255,0.9505,2.6925
2026-07-18,10,floor1,meter-floor1-01,51.915,54.62,230.23000000000002,0.7024999999999999,16.9425
2026-07-18,10,floor2,meter-floor2-01,49.84,51.94,229.265,0.95975,2.6775
2026-07-18,10,serverroom,meter-server-01,68.4075,127.28,225.2575,0.698,17.3675
2026-07-18,11,building,meter-main-01,50.8225,51.93,229.095,0.9492499999999999,2.925
2026-07-18,11,floor1,meter-floor1-01,50.42,54.18,230.275,0.69675,16.8525
2026-07-18,11,floor2,meter-floor2-01,50.042500000000004,53.63,230.915,0.95,2.85
2026-07-18,11,serverroom,meter-server-01,68.14750000000001,126.61,230.88,0.698,17.35
2026-07-18,12,building,meter-main-01,49.6525,53.02,229.6875,0.94625,3.0275
2026-07-18,12,floor1,meter-floor1-01,67.31,114.96,228.95,0.7042499999999999,17.575000000000003
2026-07-18,12,floor2,meter-floor2-01,50.3425,52.43,229.78,0.94825,2.7775
2026-07-18,12,serverroom,meter-server-01,50.2025,53.36,230.165,0.69775,16.5875
2026-07-18,13,building,meter-main-01,49.777499999999996,55.23,230.0,0.945,2.975
2026-07-18,13,floor1,meter-floor1-01,62.870000000000005,104.61,225.1275,0.7024999999999999,17.4
2026-07-18,13,floor2,meter-floor2-01,50.5675,53.1,230.5575,0.9524999999999999,2.8850000000000002
2026-07-18,13,serverroom,meter-server-01,51.515,52.68,229.47750000000002,0.7072499999999999,16.65
2026-07-18,14,building,meter-main-01,49.63,52.02,230.24,0.9535,2.855
2026-07-18,14,floor1,meter-floor1-01,48.9925,53.41,225.38,0.6935,16.732499999999998
2026-07-18,14,floor2,meter-floor2-01,49.0975,52.52,229.5975,0.94175,2.83
2026-07-18,14,serverroom,meter-server-01,49.455,50.82,230.11,0.69775,16.512500000000003
2026-07-18,15,building,meter-main-01,49.2625,51.21,230.235,0.94775,2.7825
2026-07-18,15,floor1,meter-floor1-01,87.15,130.69,230.265,0.7055,18.185
2026-07-18,15,floor2,meter-floor2-01,50.5625,51.54,230.9425,0.9355,2.91
2026-07-18,15,serverroom,meter-server-01,48.445,49.99,229.83,0.7004999999999999,16.745
2026-07-18,16,building,meter-main-01,48.3125,52.45,230.17000000000002,0.94375,2.6925
2026-07-18,16,floor1,meter-floor1-01,47.082499999999996,51.71,226.01500000000001,0.6955,16.8425
2026-07-18,16,floor2,meter-floor2-01,46.7525,48.67,230.8875,0.95025,2.745
2026-07-18,16,serverroom,meter-server-01,52.4525,54.14,229.8775,0.708,16.75
2026-07-18,17,building,meter-main-01,48.894999999999996,51.71,229.9075,0.95375,2.8125
2026-07-18,17,floor1,meter-floor1-01,50.527499999999996,55.26,229.015,0.70075,16.8575
2026-07-18,17,floor2,meter-floor2-01,49.12,51.14,230.1025,0.9515,2.925
2026-07-18,17,serverroom,meter-server-01,51.1275,54.36,227.775,0.695,16.6725
2026-07-18,18,building,meter-main-01,49.964999999999996,53.16,229.6025,0.9522499999999999,2.7675
2026-07-18,18,floor1,meter-floor1-01,48.7225,53.14,231.14,0.7052499999999999,16.677500000000002
2026-07-18,18,floor2,meter-floor2-01,51.1875,56.66,230.4675,0.95175,3.0475
2026-07-18,18,serverroom,meter-server-01,48.265,49.97,230.655,0.702,16.677500000000002
2026-07-18,19,building,meter-main-01,49.31,50.42,229.85500000000002,0.955,2.9625
2026-07-18,19,floor1,meter-floor1-01,51.765,54.59,225.4225,0.6944999999999999,16.872500000000002
2026-07-18,19,floor2,meter-floor2-01,48.730000000000004,50.56,230.8825,0.948,2.7075
2026-07-18,19,serverroom,meter-server-01,80.31,106.98,229.9725,0.707,17.995
2026-07-18,20,building,meter-main-01,52.197500000000005,55.42,230.8125,0.9425,2.7975
2026-07-18,20,floor1,meter-floor1-01,47.3775,49.53,230.1725,0.7102499999999999,16.84
2026-07-18,20,floor2,meter-floor2-01,52.917500000000004,59.86,230.075,0.9492499999999999,2.8125
2026-07-18,20,serverroom,meter-server-01,52.275,54.11,231.245,0.70475,16.58
2026-07-18,21,building,meter-main-01,49.8925,55.36,228.88,0.9472499999999999,3.1425
2026-07-18,21,floor1,meter-floor1-01,72.8375,136.86,230.2525,0.7,17.4375
2026-07-18,21,floor2,meter-floor2-01,50.6175,52.71,228.5625,0.951,2.5875
2026-07-18,21,serverroom,meter-server-01,56.205,87.1,229.185,0.70425,17.375
2026-07-18,22,building,meter-main-01,48.707499999999996,51.1,229.3425,0.95775,2.6875
2026-07-18,22,floor1,meter-floor1-01,55.6075,78.46,229.82,0.708,17.67
2026-07-18,22,floor2,meter-floor2-01,48.745,51.8,229.3675,0.96275,2.7424999999999997
2026-07-18,22,serverroom,meter-server-01,49.84,59.1,229.6325,0.7002499999999999,16.7325
2026-07-18,23,building,meter-main-01,50.6175,54.13,230.7775,0.948,2.8049999999999997
2026-07-18,23,floor1,meter-floor1-01,49.192499999999995,52.18,229.2425,0.6995,16.7525
2026-07-18,23,floor2,meter-floor2-01,49.3375,50.77,229.70499999999998,0.95475,2.94
2026-07-18,23,serverroom,meter-server-01,50.980000000000004,53.06,229.775,0.6995,16.740000000000002
2026-07-19,0,building,meter-main-01,51.43,53.75,229.025,0.9482499999999999,2.6675
2026-07-19,0,floor1,meter-floor1-01,88.135,106.42,231.16,0.7,19.122500000000002
2026-07-19,0,floor2,meter-floor2-01,46.7675,51.54,229.6475,0.9535,2.955
2026-07-19,0,serverroom,meter-server-01,52.33,54.04,228.35000000000002,0.70975,16.8675
2026-07-19,1,building,meter-main-01,48.505,52.32,229.595,0.9455,2.69
2026-07-19,1,floor1,meter-floor1-01,52.08,53.31,229.7525,0.71175,16.6525
2026-07-19,1,floor2,meter-floor2-01,49.245000000000005,52.67,229.45,0.9552499999999999,2.8625
2026-07-19,1,serverroom,meter-server-01,83.2125,131.87,230.06,0.70675,18.07
2026-07-19,2,building,meter-main-01,52.302499999999995,55.03,229.5625,0.955,2.9375
2026-07-19,2,floor1,meter-floor1-01,66.415,120.67,229.10250000000002,0.69975,17.65
2026-07-19,2,floor2,meter-floor2-01,49.6925,50.26,230.56,0.9492499999999999,2.8175
2026-07-19,2,serverroom,meter-server-01,67.595,124.79,229.69,0.7004999999999999,17.605
2026-07-19,3,building,meter-main-01,50.905,52.03,229.305,0.944,2.83
2026-07-19,3,floor1,meter-floor1-01,47.8725,52.2,230.175,0.706,16.91
2026-07-19,3,floor2,meter-floor2-01,50.61,53.62,229.0725,0.94575,2.85
2026-07-19,3,serverroom,meter-server-01,50.1,51.86,229.6325,0.7022499999999999,16.8825
2026-07-19,4,building,meter-main-01,49.332499999999996,50.83,229.2225,0.951,2.6625
2026-07-19,4,floor1,meter-floor1-01,90.4375,138.12,229.35750000000002,0.6932499999999999,18.0825
2026-07-19,4,floor2,meter-floor2-01,48.9425,52.34,230.5725,0.94575,2.785
2026-07-19,4,serverroom,meter-server-01,63.7425,104.87,229.0675,0.69225,17.435
2026-07-19,5,building,meter-main-01,49.5575,51.18,230.155,0.951,2.9675
2026-07-19,5,floor1,meter-floor1-01,61.8925,95.25,227.0975,0.6975,17.655
2026-07-19,5,floor2,meter-floor2-01,51.3425,53.52,229.04,0.9475,2.8075
2026-07-19,5,serverroom,meter-server-01,48.9525,53.28,226.595,0.69975,16.82
2026-07-19,6,building,meter-main-01,50.4775,52.79,230.355,0.95475,2.755
2026-07-19,6,floor1,meter-floor1-01,61.8475,95.72,230.2825,0.69825,17.48
2026-07-19,6,floor2,meter-floor2-01,47.965,50.57,229.71249999999998,0.9535,2.8825
2026-07-19,6,serverroom,meter-server-01,70.4325,136.69,230.09,0.70675,17.6075
2026-07-19,7,building,meter-main-01,52.707499999999996,59.79,230.1675,0.94475,2.7874999999999996
2026-07-19,7,floor1,meter-floor1-01,67.57,95.14,229.79500000000002,0.6984999999999999,18.23
2026-07-19,7,floor2,meter-floor2-01,51.9075,55.08,230.1775,0.9475,2.8674999999999997
2026-07-19,7,serverroom,meter-server-01,52.065,56.63,230.495,0.701,16.997500000000002
2026-07-19,8,building,meter-main-01,48.6125,49.36,230.305,0.9405,2.7824999999999998
2026-07-19,8,floor1,meter-floor1-01,48.4425,53.72,226.5075,0.706,16.94
2026-07-19,8,floor2,meter-floor2-01,47.95,52.5,230.4425,0.94375,2.8449999999999998
2026-07-19,8,serverroom,meter-server-01,48.935,51.08,230.0125,0.69575,16.5875
2026-07-19,9,building,meter-main-01,44.7,44.7,231.3,0.952,2.96
2026-07-19,9,floor1,meter-floor1-01,46.45,46.45,229.38,0.677,16.76
2026-07-19,9,floor2,meter-floor2-01,49.62,49.62,229.6,0.942,3.07
2026-07-19,9,serverroom,meter-server-01,55.39,55.39,231.28,0.706,17.01
